spot,time,occupied,occID
1,6:00 AM,,1
1,7:00 AM,,1
1,8:00 AM,,1
1,9:00 AM,,1
1,10:00 AM,Construction,50
1,11:00 AM,Construction,50
1,12:00 PM,Construction,50
1,1:00 PM,Construction,50
1,2:00 PM,Construction,50
1,3:00 PM,Construction,50
1,4:00 PM,Construction,50
1,5:00 PM,,1
1,6:00 PM,,1
1,7:00 PM,,1
1,8:00 PM,,1
2,6:00 AM,,1
2,7:00 AM,,1
2,8:00 AM,,1
2,9:00 AM,,1
2,10:00 AM,Construction,50
2,11:00 AM,Construction,50
2,12:00 PM,Construction,50
2,1:00 PM,Construction,50
2,2:00 PM,Construction,50
2,3:00 PM,Construction,50
2,4:00 PM,Construction,50
2,5:00 PM,,1
2,6:00 PM,,1
2,7:00 PM,,1
2,8:00 PM,,1
3,6:00 AM,,1
3,7:00 AM,,1
3,8:00 AM,,1
3,9:00 AM,,1
3,10:00 AM,Construction,50
3,11:00 AM,Construction,50
3,12:00 PM,Construction,50
3,1:00 PM,Construction,50
3,2:00 PM,Construction,50
3,3:00 PM,Construction,50
3,4:00 PM,Construction,50
3,5:00 PM,,1
3,6:00 PM,,1
3,7:00 PM,55K,50
3,8:00 PM,55K,50
4,6:00 AM,1AH,50
4,7:00 AM,,1
4,8:00 AM,,1
4,9:00 AM,,1
4,10:00 AM,Construction,50
4,11:00 AM,Construction,50
4,12:00 PM,Construction,50
4,1:00 PM,Construction,50
4,2:00 PM,Construction,50
4,3:00 PM,Construction,50
4,4:00 PM,Construction,50
4,5:00 PM,2YD,50
4,6:00 PM,2YD,50
4,7:00 PM,2YD,50
4,8:00 PM,2YD,50
5,6:00 AM,V41,50
5,7:00 AM,,1
5,8:00 AM,,1
5,9:00 AM,,1
5,10:00 AM,Construction,50
5,11:00 AM,Construction,50
5,12:00 PM,Construction,50
5,1:00 PM,Construction,50
5,2:00 PM,Construction,50
5,3:00 PM,Construction,50
5,4:00 PM,Construction,50
5,5:00 PM,6WW,50
5,6:00 PM,6WW,50
5,7:00 PM,6WW,50
5,8:00 PM,6WW,50
6,6:00 AM,,1
6,7:00 AM,,1
6,8:00 AM,,1
6,9:00 AM,,1
6,10:00 AM,Construction,50
6,11:00 AM,Construction,50
6,12:00 PM,Construction,50
6,1:00 PM,Construction,50
6,2:00 PM,Construction,50
6,3:00 PM,Construction,50
6,4:00 PM,Construction,50
6,5:00 PM,27B,50
6,6:00 PM,V41,50
6,7:00 PM,,1
6,8:00 PM,58G,50
7,6:00 AM,7XF,50
7,7:00 AM,,1
7,8:00 AM,,1
7,9:00 AM,,1
7,10:00 AM,Construction,50
7,11:00 AM,Construction,50
7,12:00 PM,Construction,50
7,1:00 PM,Construction,50
7,2:00 PM,Construction,50
7,3:00 PM,Construction,50
7,4:00 PM,Construction,50
7,5:00 PM,,1
7,6:00 PM,,1
7,7:00 PM,5EC,50
7,8:00 PM,5EC,50
8,6:00 AM,,1
8,7:00 AM,,1
8,8:00 AM,,1
8,9:00 AM,Construction,50
8,10:00 AM,Construction,50
8,11:00 AM,Construction,50
8,12:00 PM,Construction,50
8,1:00 PM,Construction,50
8,2:00 PM,Construction,50
8,3:00 PM,Construction,50
8,4:00 PM,Construction,50
8,5:00 PM,Construction,50
8,6:00 PM,Construction,50
8,7:00 PM,Construction,50
8,8:00 PM,Construction,50
9,6:00 AM,5LJ,50
9,7:00 AM,,1
9,8:00 AM,,1
9,9:00 AM,Construction,50
9,10:00 AM,Construction,50
9,11:00 AM,Construction,50
9,12:00 PM,Construction,50
9,1:00 PM,Construction,50
9,2:00 PM,Construction,50
9,3:00 PM,Construction,50
9,4:00 PM,Construction,50
9,5:00 PM,Construction,50
9,6:00 PM,Construction,50
9,7:00 PM,Construction,50
9,8:00 PM,Construction,50
10,6:00 AM,Construction,50
10,7:00 AM,Construction,50
10,8:00 AM,Construction,50
10,9:00 AM,Construction,50
10,10:00 AM,Construction,50
10,11:00 AM,Construction,50
10,12:00 PM,Construction,50
10,1:00 PM,Construction,50
10,2:00 PM,Construction,50
10,3:00 PM,Construction,50
10,4:00 PM,Construction,50
10,5:00 PM,Construction,50
10,6:00 PM,Construction,50
10,7:00 PM,Construction,50
10,8:00 PM,Construction,50
11,6:00 AM,Construction,50
11,7:00 AM,Construction,50
11,8:00 AM,Construction,50
11,9:00 AM,Construction,50
11,10:00 AM,Construction,50
11,11:00 AM,Construction,50
11,12:00 PM,Construction,50
11,1:00 PM,Construction,50
11,2:00 PM,Construction,50
11,3:00 PM,Construction,50
11,4:00 PM,Construction,50
11,5:00 PM,Construction,50
11,6:00 PM,Construction,50
11,7:00 PM,Construction,50
11,8:00 PM,Construction,50
12,6:00 AM,,1
12,7:00 AM,,1
12,8:00 AM,,1
12,9:00 AM,Construction,50
12,10:00 AM,Construction,50
12,11:00 AM,Construction,50
12,12:00 PM,Construction,50
12,1:00 PM,Construction,50
12,2:00 PM,Construction,50
12,3:00 PM,Construction,50
12,4:00 PM,Construction,50
12,5:00 PM,Construction,50
12,6:00 PM,Construction,50
12,7:00 PM,Construction,50
12,8:00 PM,Construction,50
13,6:00 AM,,1
13,7:00 AM,,1
13,8:00 AM,,1
13,9:00 AM,Construction,50
13,10:00 AM,Construction,50
13,11:00 AM,Construction,50
13,12:00 PM,Construction,50
13,1:00 PM,Construction,50
13,2:00 PM,Construction,50
13,3:00 PM,Construction,50
13,4:00 PM,Construction,50
13,5:00 PM,Construction,50
13,6:00 PM,Construction,50
13,7:00 PM,Construction,50
13,8:00 PM,Construction,50
14,6:00 AM,,1
14,7:00 AM,,1
14,8:00 AM,,1
14,9:00 AM,Construction,50
14,10:00 AM,Construction,50
14,11:00 AM,Construction,50
14,12:00 PM,Construction,50
14,1:00 PM,Construction,50
14,2:00 PM,Construction,50
14,3:00 PM,Construction,50
14,4:00 PM,Construction,50
14,5:00 PM,Construction,50
14,6:00 PM,Construction,50
14,7:00 PM,Construction,50
14,8:00 PM,Construction,50
15,6:00 AM,,1
15,7:00 AM,,1
15,8:00 AM,,1
15,9:00 AM,Construction,50
15,10:00 AM,Construction,50
15,11:00 AM,Construction,50
15,12:00 PM,Construction,50
15,1:00 PM,Construction,50
15,2:00 PM,Construction,50
15,3:00 PM,Construction,50
15,4:00 PM,Construction,50
15,5:00 PM,Construction,50
15,6:00 PM,Construction,50
15,7:00 PM,Construction,50
15,8:00 PM,1DH,50
16,6:00 AM,,1
16,7:00 AM,,1
16,8:00 AM,,1
16,9:00 AM,Construction,50
16,10:00 AM,Construction,50
16,11:00 AM,Construction,50
16,12:00 PM,Construction,50
16,1:00 PM,Construction,50
16,2:00 PM,Construction,50
16,3:00 PM,Construction,50
16,4:00 PM,Construction,50
16,5:00 PM,Construction,50
16,6:00 PM,Construction,50
16,7:00 PM,Construction,50
16,8:00 PM,Construction,50
17,6:00 AM,,1
17,7:00 AM,,1
17,8:00 AM,Construction,50
17,9:00 AM,Construction,50
17,10:00 AM,Construction,50
17,11:00 AM,Construction,50
17,12:00 PM,Construction,50
17,1:00 PM,Construction,50
17,2:00 PM,Construction,50
17,3:00 PM,Construction,50
17,4:00 PM,Construction,50
17,5:00 PM,Construction,50
17,6:00 PM,Construction,50
17,7:00 PM,Construction,50
17,8:00 PM,Construction,50
18,6:00 AM,,1
18,7:00 AM,,1
18,8:00 AM,Construction,50
18,9:00 AM,Construction,50
18,10:00 AM,Construction,50
18,11:00 AM,Construction,50
18,12:00 PM,Construction,50
18,1:00 PM,Construction,50
18,2:00 PM,Construction,50
18,3:00 PM,Construction,50
18,4:00 PM,Construction,50
18,5:00 PM,Construction,50
18,6:00 PM,Construction,50
18,7:00 PM,Construction,50
18,8:00 PM,Construction,50
19,6:00 AM,,1
19,7:00 AM,,1
19,8:00 AM,Construction,50
19,9:00 AM,Construction,50
19,10:00 AM,Construction,50
19,11:00 AM,Construction,50
19,12:00 PM,Construction,50
19,1:00 PM,Construction,50
19,2:00 PM,Construction,50
19,3:00 PM,Construction,50
19,4:00 PM,Construction,50
19,5:00 PM,Construction,50
19,6:00 PM,Construction,50
19,7:00 PM,Construction,50
19,8:00 PM,Construction,50
20,6:00 AM,Construction,50
20,7:00 AM,Construction,50
20,8:00 AM,Construction,50
20,9:00 AM,Construction,50
20,10:00 AM,Construction,50
20,11:00 AM,Construction,50
20,12:00 PM,Construction,50
20,1:00 PM,Construction,50
20,2:00 PM,Construction,50
20,3:00 PM,Construction,50
20,4:00 PM,Construction,50
20,5:00 PM,Construction,50
20,6:00 PM,Construction,50
20,7:00 PM,Construction,50
20,8:00 PM,Construction,50
21,6:00 AM,Construction,50
21,7:00 AM,Construction,50
21,8:00 AM,Construction,50
21,9:00 AM,Construction,50
21,10:00 AM,Construction,50
21,11:00 AM,Construction,50
21,12:00 PM,Construction,50
21,1:00 PM,Construction,50
21,2:00 PM,Construction,50
21,3:00 PM,Construction,50
21,4:00 PM,Construction,50
21,5:00 PM,Construction,50
21,6:00 PM,Construction,50
21,7:00 PM,Construction,50
21,8:00 PM,Construction,50
22,6:00 AM,9XB,50
22,7:00 AM,472,50
22,8:00 AM,472,50
22,9:00 AM,472,50
22,10:00 AM,472,50
22,11:00 AM,,1
22,12:00 PM,Construction,50
22,1:00 PM,Construction,50
22,2:00 PM,Construction,50
22,3:00 PM,Construction,50
22,4:00 PM,Construction,50
22,5:00 PM,Construction,50
22,6:00 PM,,1
22,7:00 PM,,1
22,8:00 PM,9XB,50
23,6:00 AM,,1
23,7:00 AM,,1
23,8:00 AM,,1
23,9:00 AM,576,50
23,10:00 AM,,1
23,11:00 AM,,1
23,12:00 PM,Construction,50
23,1:00 PM,Construction,50
23,2:00 PM,Construction,50
23,3:00 PM,Construction,50
23,4:00 PM,Construction,50
23,5:00 PM,Construction,50
23,6:00 PM,,1
23,7:00 PM,,1
23,8:00 PM,,1
24,6:00 AM,1JG,50
24,7:00 AM,1JG,50
24,8:00 AM,1JG,50
24,9:00 AM,,1
24,10:00 AM,,1
24,11:00 AM,,1
24,12:00 PM,Construction,50
24,1:00 PM,Construction,50
24,2:00 PM,Construction,50
24,3:00 PM,Construction,50
24,4:00 PM,Construction,50
24,5:00 PM,Construction,50
24,6:00 PM,,1
24,7:00 PM,,1
24,8:00 PM,,1
25,6:00 AM,,1
25,7:00 AM,,1
25,8:00 AM,,1
25,9:00 AM,Construction,50
25,10:00 AM,Construction,50
25,11:00 AM,Construction,50
25,12:00 PM,Construction,50
25,1:00 PM,Construction,50
25,2:00 PM,Construction,50
25,3:00 PM,Construction,50
25,4:00 PM,Construction,50
25,5:00 PM,Construction,50
25,6:00 PM,,1
25,7:00 PM,,1
25,8:00 PM,,1
26,6:00 AM,,1
26,7:00 AM,,1
26,8:00 AM,,1
26,9:00 AM,Construction,50
26,10:00 AM,Construction,50
26,11:00 AM,Construction,50
26,12:00 PM,Construction,50
26,1:00 PM,Construction,50
26,2:00 PM,Construction,50
26,3:00 PM,Construction,50
26,4:00 PM,Construction,50
26,5:00 PM,Construction,50
26,6:00 PM,,1
26,7:00 PM,,1
26,8:00 PM,,1
27,6:00 AM,,1
27,7:00 AM,,1
27,8:00 AM,,1
27,9:00 AM,Construction,50
27,10:00 AM,Construction,50
27,11:00 AM,Construction,50
27,12:00 PM,Construction,50
27,1:00 PM,Construction,50
27,2:00 PM,Construction,50
27,3:00 PM,Construction,50
27,4:00 PM,Construction,50
27,5:00 PM,Construction,50
27,6:00 PM,1HZ,50
27,7:00 PM,1LS,50
27,8:00 PM,1LS,50
28,6:00 AM,1MG,50
28,7:00 AM,,1
28,8:00 AM,,1
28,9:00 AM,,1
28,10:00 AM,,1
28,11:00 AM,,1
28,12:00 PM,Construction,50
28,1:00 PM,Construction,50
28,2:00 PM,Construction,50
28,3:00 PM,Construction,50
28,4:00 PM,Construction,50
28,5:00 PM,Construction,50
28,6:00 PM,1MG,50
28,7:00 PM,1MG,50
28,8:00 PM,1MG,50
29,6:00 AM,7WC,50
29,7:00 AM,,1
29,8:00 AM,,1
29,9:00 AM,1HZ,50
29,10:00 AM,1HZ,50
29,11:00 AM,,1
29,12:00 PM,Construction,50
29,1:00 PM,Construction,50
29,2:00 PM,Construction,50
29,3:00 PM,Construction,50
29,4:00 PM,Construction,50
29,5:00 PM,Construction,50
29,6:00 PM,,1
29,7:00 PM,,1
29,8:00 PM,,1
30,6:00 AM,,1
30,7:00 AM,20M,50
30,8:00 AM,20M,50
30,9:00 AM,20M,50
30,10:00 AM,20M,50
30,11:00 AM,20M,50
30,12:00 PM,20M,50
30,1:00 PM,20M,50
30,2:00 PM,,1
30,3:00 PM,7WJ,50
30,4:00 PM,7WG,50
30,5:00 PM,,1
30,6:00 PM,749,50
30,7:00 PM,7WJ,50
30,8:00 PM,,1
31,6:00 AM,1GA,50
31,7:00 AM,1GA,50
31,8:00 AM,1GA,50
31,9:00 AM,1GA,50
31,10:00 AM,1GA,50
31,11:00 AM,1GA,50
31,12:00 PM,1GA,50
31,1:00 PM,1GA,50
31,2:00 PM,1GA,50
31,3:00 PM,1GA,50
31,4:00 PM,1GA,50
31,5:00 PM,1GA,50
31,6:00 PM,1GA,50
31,7:00 PM,1GA,50
31,8:00 PM,1GA,50
32,6:00 AM,1RC,50
32,7:00 AM,1RC,50
32,8:00 AM,1RC,50
32,9:00 AM,,1
32,10:00 AM,1MH,50
32,11:00 AM,1MH,50
32,12:00 PM,1MH,50
32,1:00 PM,1MH,50
32,2:00 PM,1MH,50
32,3:00 PM,1MH,50
32,4:00 PM,1MH,50
32,5:00 PM,1MH,50
32,6:00 PM,,1
32,7:00 PM,1DG,50
32,8:00 PM,1DG,50
33,6:00 AM,Blocked,50
33,7:00 AM,Blocked,50
33,8:00 AM,Blocked,50
33,9:00 AM,Blocked,50
33,10:00 AM,Blocked,50
33,11:00 AM,Blocked,50
33,12:00 PM,Blocked,50
33,1:00 PM,Blocked,50
33,2:00 PM,Blocked,50
33,3:00 PM,Blocked,50
33,4:00 PM,Blocked,50
33,5:00 PM,Blocked,50
33,6:00 PM,,1
33,7:00 PM,,1
33,8:00 PM,,1
34,6:00 AM,8RJ,50
34,7:00 AM,8RJ,50
34,8:00 AM,8RJ,50
34,9:00 AM,8RJ,50
34,10:00 AM,367,50
34,11:00 AM,367,50
34,12:00 PM,367,50
34,1:00 PM,367,50
34,2:00 PM,367,50
34,3:00 PM,5HT,50
34,4:00 PM,,1
34,5:00 PM,,1
34,6:00 PM,,1
34,7:00 PM,Blocked,50
34,8:00 PM,,1
35,6:00 AM,,1
35,7:00 AM,,1
35,8:00 AM,,1
35,9:00 AM,,1
35,10:00 AM,H93,50
35,11:00 AM,IHL,50
35,12:00 PM,Blocked,50
35,1:00 PM,Blocked,50
35,2:00 PM,Blocked,50
35,3:00 PM,Blocked,50
35,4:00 PM,,1
35,5:00 PM,,1
35,6:00 PM,,1
35,7:00 PM,8TX,50
35,8:00 PM,8TX,50
36,6:00 AM,5EC,50
36,7:00 AM,5EC,50
36,8:00 AM,5EC,50
36,9:00 AM,,1
36,10:00 AM,Blocked,50
36,11:00 AM,Blocked,50
36,12:00 PM,7WJ,50
36,1:00 PM,7WJ,50
36,2:00 PM,547,50
36,3:00 PM,547,50
36,4:00 PM,547,50
36,5:00 PM,,1
36,6:00 PM,CLR,50
36,7:00 PM,CLR,50
36,8:00 PM,CLR,50
37,6:00 AM,6BX,50
37,7:00 AM,6BX,50
37,8:00 AM,6BX,50
37,9:00 AM,6BX,50
37,10:00 AM,6BX,50
37,11:00 AM,6BX,50
37,12:00 PM,6BX,50
37,1:00 PM,6BX,50
37,2:00 PM,6BX,50
37,3:00 PM,6BX,50
37,4:00 PM,6BX,50
37,5:00 PM,6BX,50
37,6:00 PM,6BX,50
37,7:00 PM,6BX,50
37,8:00 PM,,1
38,6:00 AM,SN3,50
38,7:00 AM,SN3,50
38,8:00 AM,SN3,50
38,9:00 AM,SN3,50
38,10:00 AM,SN3,50
38,11:00 AM,SN3,50
38,12:00 PM,SN3,50
38,1:00 PM,SN3,50
38,2:00 PM,SN3,50
38,3:00 PM,SN3,50
38,4:00 PM,SN3,50
38,5:00 PM,SN3,50
38,6:00 PM,,1
38,7:00 PM,,1
38,8:00 PM,,1
39,6:00 AM,9DP,50
39,7:00 AM,9DP,50
39,8:00 AM,9DP,50
39,9:00 AM,9DP,50
39,10:00 AM,9DP,50
39,11:00 AM,9DP,50
39,12:00 PM,9DP,50
39,1:00 PM,9DP,50
39,2:00 PM,9DP,50
39,3:00 PM,1TS,50
39,4:00 PM,1TS,50
39,5:00 PM,1TS,50
39,6:00 PM,1TS,50
39,7:00 PM,1TS,50
39,8:00 PM,,1
40,6:00 AM,1NR,50
40,7:00 AM,1NR,50
40,8:00 AM,1NR,50
40,9:00 AM,1NR,50
40,10:00 AM,1NR,50
40,11:00 AM,ITS,50
40,12:00 PM,8WC,50
40,1:00 PM,Blocked,50
40,2:00 PM,Blocked,50
40,3:00 PM,Blocked,50
40,4:00 PM,Blocked,50
40,5:00 PM,,1
40,6:00 PM,,1
40,7:00 PM,,1
40,8:00 PM,,1
41,6:00 AM,,1
41,7:00 AM,,1
41,8:00 AM,,1
41,9:00 AM,,1
41,10:00 AM,,1
41,11:00 AM,Blocked,50
41,12:00 PM,Blocked,50
41,1:00 PM,8GW,50
41,2:00 PM,8GW,50
41,3:00 PM,,1
41,4:00 PM,2YD,50
41,5:00 PM,,1
41,6:00 PM,,1
41,7:00 PM,,1
41,8:00 PM,,1
42,6:00 AM,1DL,50
42,7:00 AM,1DL,50
42,8:00 AM,,1
42,9:00 AM,,1
42,10:00 AM,619,50
42,11:00 AM,619,50
42,12:00 PM,619,50
42,1:00 PM,619,50
42,2:00 PM,26B,50
42,3:00 PM,26B,50
42,4:00 PM,,1
42,5:00 PM,,1
42,6:00 PM,,1
42,7:00 PM,,1
42,8:00 PM,,1
43,6:00 AM,1VE,50
43,7:00 AM,1VE,50
43,8:00 AM,1VE,50
43,9:00 AM,1VE,50
43,10:00 AM,1VE,50
43,11:00 AM,1VE,50
43,12:00 PM,1VE,50
43,1:00 PM,1VE,50
43,2:00 PM,1VE,50
43,3:00 PM,1VE,50
43,4:00 PM,,1
43,5:00 PM,,1
43,6:00 PM,7XP,50
43,7:00 PM,,1
43,8:00 PM,72A,50
44,6:00 AM,CKI,50
44,7:00 AM,,1
44,8:00 AM,3JF,50
44,9:00 AM,3JF,50
44,10:00 AM,3JF,50
44,11:00 AM,3JF,50
44,12:00 PM,3JF,50
44,1:00 PM,3JF,50
44,2:00 PM,3JF,50
44,3:00 PM,3JF,50
44,4:00 PM,3JF,50
44,5:00 PM,3JF,50
44,6:00 PM,3JF,50
44,7:00 PM,9CG,50
44,8:00 PM,9CG,50
45,6:00 AM,1HX,50
45,7:00 AM,1HX,50
45,8:00 AM,1HX,50
45,9:00 AM,1HX,50
45,10:00 AM,1HX,50
45,11:00 AM,1HX,50
45,12:00 PM,1HX,50
45,1:00 PM,1HX,50
45,2:00 PM,1HX,50
45,3:00 PM,1HX,50
45,4:00 PM,1HX,50
45,5:00 PM,1HX,50
45,6:00 PM,1HX,50
45,7:00 PM,1HX,50
45,8:00 PM,1HX,50
46,6:00 AM,,1
46,7:00 AM,5CP,50
46,8:00 AM,5CP,50
46,9:00 AM,5CP,50
46,10:00 AM,5CP,50
46,11:00 AM,IRC,50
46,12:00 PM,IRC,50
46,1:00 PM,IRC,50
46,2:00 PM,,1
46,3:00 PM,,1
46,4:00 PM,,1
46,5:00 PM,,1
46,6:00 PM,,1
46,7:00 PM,251,50
46,8:00 PM,,1
47,6:00 AM,3YK,50
47,7:00 AM,3YK,50
47,8:00 AM,3YK,50
47,9:00 AM,3YK,50
47,10:00 AM,IRL,50
47,11:00 AM,,1
47,12:00 PM,Blocked,50
47,1:00 PM,Blocked,50
47,2:00 PM,,1
47,3:00 PM,,1
47,4:00 PM,,1
47,5:00 PM,,1
47,6:00 PM,,1
47,7:00 PM,Blcoked,50
47,8:00 PM,,1
48,6:00 AM,,1
48,7:00 AM,1HV,50
48,8:00 AM,1HV,50
48,9:00 AM,1HV,50
48,10:00 AM,1HV,50
48,11:00 AM,3YK,50
48,12:00 PM,3YK,50
48,1:00 PM,3YK,50
48,2:00 PM,3YK,50
48,3:00 PM,3YK,50
48,4:00 PM,3YK,50
48,5:00 PM,3YK,50
48,6:00 PM,3YK,50
48,7:00 PM,3YK,50
48,8:00 PM,3YK,50
49,6:00 AM,,1
49,7:00 AM,,1
49,8:00 AM,,1
49,9:00 AM,,1
49,10:00 AM,,1
49,11:00 AM,ISG,50
49,12:00 PM,ISG,50
49,1:00 PM,ISG,50
49,2:00 PM,ISG,50
49,3:00 PM,,1
49,4:00 PM,,1
49,5:00 PM,,1
49,6:00 PM,,1
49,7:00 PM,,1
49,8:00 PM,,1
50,6:00 AM,5ML,50
50,7:00 AM,5ML,50
50,8:00 AM,5ML,50
50,9:00 AM,5ML,50
50,10:00 AM,5ML,50
50,11:00 AM,5ML,50
50,12:00 PM,5ML,50
50,1:00 PM,5ML,50
50,2:00 PM,5ML,50
50,3:00 PM,5ML,50
50,4:00 PM,5ML,50
50,5:00 PM,5ML,50
50,6:00 PM,,1
50,7:00 PM,1AH,50
50,8:00 PM,,1
51,6:00 AM,1HV,50
51,7:00 AM,1HV,50
51,8:00 AM,1HV,50
51,9:00 AM,1HV,50
51,10:00 AM,1HV,50
51,11:00 AM,1HV,50
51,12:00 PM,1HV,50
51,1:00 PM,1HV,50
51,2:00 PM,1HV,50
51,3:00 PM,1HV,50
51,4:00 PM,1HV,50
51,5:00 PM,1HV,50
51,6:00 PM,1HV,50
51,7:00 PM,1HV,50
51,8:00 PM,1HV,50
52,6:00 AM,9NX,50
52,7:00 AM,,1
52,8:00 AM,,1
52,9:00 AM,,1
52,10:00 AM,,1
52,11:00 AM,P62,50
52,12:00 PM,P62,50
52,1:00 PM,2HA,50
52,2:00 PM,2HA,50
52,3:00 PM,6SN,50
52,4:00 PM,6SN,50
52,5:00 PM,6SN,50
52,6:00 PM,6SN,50
52,7:00 PM,6SN,50
52,8:00 PM,6SN,50
53,6:00 AM,,1
53,7:00 AM,,1
53,8:00 AM,,1
53,9:00 AM,,1
53,10:00 AM,,1
53,11:00 AM,,1
53,12:00 PM,,1
53,1:00 PM,,1
53,2:00 PM,,1
53,3:00 PM,,1
53,4:00 PM,,1
53,5:00 PM,,1
53,6:00 PM,,1
53,7:00 PM,,1
53,8:00 PM,,1
54,6:00 AM,7JF,50
54,7:00 AM,7JF,50
54,8:00 AM,,1
54,9:00 AM,,1
54,10:00 AM,,1
54,11:00 AM,813,50
54,12:00 PM,813,50
54,1:00 PM,813,50
54,2:00 PM,813,50
54,3:00 PM,813,50
54,4:00 PM,813,50
54,5:00 PM,813,50
54,6:00 PM,813,50
54,7:00 PM,813,50
54,8:00 PM,813,50
55,6:00 AM,1NV,50
55,7:00 AM,1NV,50
55,8:00 AM,,1
55,9:00 AM,9NX,50
55,10:00 AM,9NX,50
55,11:00 AM,9NX,50
55,12:00 PM,9NX,50
55,1:00 PM,9NX,50
55,2:00 PM,9NX,50
55,3:00 PM,9NX,50
55,4:00 PM,9NX,50
55,5:00 PM,9NX,50
55,6:00 PM,7DL,50
55,7:00 PM,1M4,50
55,8:00 PM,8NC,50
56,6:00 AM,6CF,50
56,7:00 AM,6CF,50
56,8:00 AM,5GC,50
56,9:00 AM,5GC,50
56,10:00 AM,5GC,50
56,11:00 AM,5GC,50
56,12:00 PM,5GC,50
56,1:00 PM,5GC,50
56,2:00 PM,5GC,50
56,3:00 PM,5GC,50
56,4:00 PM,5GC,50
56,5:00 PM,5GC,50
56,6:00 PM,,1
56,7:00 PM,1NV,50
56,8:00 PM,1NV,50
57,6:00 AM,7DL,50
57,7:00 AM,ZKZ,50
57,8:00 AM,ZKZ,50
57,9:00 AM,ZKZ,50
57,10:00 AM,ZKZ,50
57,11:00 AM,ZKZ,50
57,12:00 PM,ZKZ,50
57,1:00 PM,ZKZ,50
57,2:00 PM,ZKZ,50
57,3:00 PM,ZKZ,50
57,4:00 PM,ZKZ,50
57,5:00 PM,ZKZ,50
57,6:00 PM,ZKZ,50
57,7:00 PM,ZKZ,50
57,8:00 PM,ZKZ,50
58,6:00 AM,6LZ,50
58,7:00 AM,6LZ,50
58,8:00 AM,6LZ,50
58,9:00 AM,,1
58,10:00 AM,,1
58,11:00 AM,,1
58,12:00 PM,,1
58,1:00 PM,,1
58,2:00 PM,8NC,50
58,3:00 PM,8NC,50
58,4:00 PM,6VJ,50
58,5:00 PM,,1
58,6:00 PM,,1
58,7:00 PM,,1
58,8:00 PM,BGW,50
59,6:00 AM,,1
59,7:00 AM,IRL,50
59,8:00 AM,IRL,50
59,9:00 AM,IRL,50
59,10:00 AM,IRL,50
59,11:00 AM,IRL,50
59,12:00 PM,IRL,50
59,1:00 PM,IRL,50
59,2:00 PM,IRL,50
59,3:00 PM,IRL,50
59,4:00 PM,IRL,50
59,5:00 PM,,1
59,6:00 PM,,1
59,7:00 PM,9JL,50
59,8:00 PM,6DY,50
60,6:00 AM,6RG,50
60,7:00 AM,6RG,50
60,8:00 AM,6RG,50
60,9:00 AM,,1
60,10:00 AM,9GB,50
60,11:00 AM,9GB,50
60,12:00 PM,9GB,50
60,1:00 PM,9GB,50
60,2:00 PM,9GB,50
60,3:00 PM,,1
60,4:00 PM,7JF,50
60,5:00 PM,155,50
60,6:00 PM,,1
60,7:00 PM,,1
60,8:00 PM,,1
61,6:00 AM,1KP,50
61,7:00 AM,1KP,50
61,8:00 AM,,1
61,9:00 AM,,1
61,10:00 AM,,1
61,11:00 AM,7RJ,50
61,12:00 PM,7RJ,50
61,1:00 PM,7RJ,50
61,2:00 PM,7RJ,50
61,3:00 PM,7RJ,50
61,4:00 PM,7RJ,50
61,5:00 PM,,1
61,6:00 PM,,1
61,7:00 PM,,1
61,8:00 PM,,1
62,6:00 AM,810,50
62,7:00 AM,,1
62,8:00 AM,V25,50
62,9:00 AM,,1
62,10:00 AM,F2G,50
62,11:00 AM,,1
62,12:00 PM,1MS,50
62,1:00 PM,,1
62,2:00 PM,,1
62,3:00 PM,,1
62,4:00 PM,959,50
62,5:00 PM,,1
62,6:00 PM,T69,50
62,7:00 PM,T69,50
62,8:00 PM,T69,50
63,6:00 AM,75D,50
63,7:00 AM,4LE,50
63,8:00 AM,4LE,50
63,9:00 AM,,1
63,10:00 AM,V21,50
63,11:00 AM,UP3,50
63,12:00 PM,UP3,50
63,1:00 PM,,1
63,2:00 PM,237,50
63,3:00 PM,,1
63,4:00 PM,,1
63,5:00 PM,,1
63,6:00 PM,,1
63,7:00 PM,8DP,50
63,8:00 PM,444,50
64,6:00 AM,JBG,50
64,7:00 AM,JBG,50
64,8:00 AM,JBG,50
64,9:00 AM,JBG,50
64,10:00 AM,JBG,50
64,11:00 AM,JBG,50
64,12:00 PM,8DZ,50
64,1:00 PM,924,50
64,2:00 PM,,1
64,3:00 PM,456,50
64,4:00 PM,,1
64,5:00 PM,,1
64,6:00 PM,LRS,50
64,7:00 PM,LRS,50
64,8:00 PM,LRS,50
65,6:00 AM,AEW,50
65,7:00 AM,AEW,50
65,8:00 AM,AEW,50
65,9:00 AM,AEW,50
65,10:00 AM,85N,50
65,11:00 AM,3LS,50
65,12:00 PM,3LS,50
65,1:00 PM,7JM,50
65,2:00 PM,7JM,50
65,3:00 PM,UTJ,50
65,4:00 PM,1KM,50
65,5:00 PM,,1
65,6:00 PM,8CF,50
65,7:00 PM,5LB,50
65,8:00 PM,5LB,50
66,6:00 AM,441,50
66,7:00 AM,441,50
66,8:00 AM,,1
66,9:00 AM,,1
66,10:00 AM,374,50
66,11:00 AM,261,50
66,12:00 PM,261,50
66,1:00 PM,7ZW,50
66,2:00 PM,,1
66,3:00 PM,,1
66,4:00 PM,,1
66,5:00 PM,,1
66,6:00 PM,7MM,50
66,7:00 PM,7MM,50
66,8:00 PM,7MM,50
67,6:00 AM,818,50
67,7:00 AM,818,50
67,8:00 AM,,1
67,9:00 AM,,1
67,10:00 AM,,1
67,11:00 AM,6WP,50
67,12:00 PM,2RT,50
67,1:00 PM,,1
67,2:00 PM,LCB,50
67,3:00 PM,,1
67,4:00 PM,,1
67,5:00 PM,441,50
67,6:00 PM,441,50
67,7:00 PM,441,50
67,8:00 PM,441,50
68,6:00 AM,1TS,50
68,7:00 AM,1TS,50
68,8:00 AM,1TS,50
68,9:00 AM,1TS,50
68,10:00 AM,1TS,50
68,11:00 AM,5WR,50
68,12:00 PM,1NJ,50
68,1:00 PM,1NJ,50
68,2:00 PM,1NJ,50
68,3:00 PM,6EA,50
68,4:00 PM,R32,50
68,5:00 PM,R32,50
68,6:00 PM,6KB,50
68,7:00 PM,6KB,50
68,8:00 PM,6KB,50
69,6:00 AM,6DJ,50
69,7:00 AM,6DJ,50
69,8:00 AM,,1
69,9:00 AM,,1
69,10:00 AM,3PR,50
69,11:00 AM,3PR,50
69,12:00 PM,,1
69,1:00 PM,3TB,50
69,2:00 PM,31A,50
69,3:00 PM,1NJ,50
69,4:00 PM,,1
69,5:00 PM,,1
69,6:00 PM,665,50
69,7:00 PM,492,50
69,8:00 PM,HWW,50
70,6:00 AM,707,50
70,7:00 AM,707,50
70,8:00 AM,707,50
70,9:00 AM,707,50
70,10:00 AM,707,50
70,11:00 AM,707,50
70,12:00 PM,707,50
70,1:00 PM,707,50
70,2:00 PM,,1
70,3:00 PM,1TS,50
70,4:00 PM,1TS,50
70,5:00 PM,1TS,50
70,6:00 PM,1TS,50
70,7:00 PM,1TS,50
70,8:00 PM,1TS,50
71,6:00 AM,NE1,50
71,7:00 AM,NE2,50
71,8:00 AM,NE3,50
71,9:00 AM,NE4,50
71,10:00 AM,NE5,50
71,11:00 AM,NE6,50
71,12:00 PM,NE7,50
71,1:00 PM,NE8,50
71,2:00 PM,NE9,50
71,3:00 PM,NE10,50
71,4:00 PM,NE11,50
71,5:00 PM,NE12,50
71,6:00 PM,NE13,50
71,7:00 PM,NE14,50
71,8:00 PM,NE15,50
72,6:00 AM,1EN,50
72,7:00 AM,1EN,50
72,8:00 AM,8XN,50
72,9:00 AM,8XN,50
72,10:00 AM,8XN,50
72,11:00 AM,8XN,50
72,12:00 PM,8XN,50
72,1:00 PM,8XN,50
72,2:00 PM,8XN,50
72,3:00 PM,8XN,50
72,4:00 PM,8XN,50
72,5:00 PM,8XN,50
72,6:00 PM,6PG,50
72,7:00 PM,6PG,50
72,8:00 PM,6PG,50
73,6:00 AM,,1
73,7:00 AM,,1
73,8:00 AM,,1
73,9:00 AM,,1
73,10:00 AM,,1
73,11:00 AM,,1
73,12:00 PM,,1
73,1:00 PM,,1
73,2:00 PM,,1
73,3:00 PM,1EN,50
73,4:00 PM,1EN,50
73,5:00 PM,1EN,50
73,6:00 PM,1EN,50
73,7:00 PM,1EN,50
73,8:00 PM,1EN,50
74,6:00 AM,994,50
74,7:00 AM,994,50
74,8:00 AM,,1
74,9:00 AM,,1
74,10:00 AM,,1
74,11:00 AM,587,50
74,12:00 PM,V30,50
74,1:00 PM,,1
74,2:00 PM,,1
74,3:00 PM,,1
74,4:00 PM,,1
74,5:00 PM,9NH,50
74,6:00 PM,,1
74,7:00 PM,387,50
74,8:00 PM,387,50
75,6:00 AM,,1
75,7:00 AM,,1
75,8:00 AM,,1
75,9:00 AM,,1
75,10:00 AM,,1
75,11:00 AM,,1
75,12:00 PM,,1
75,1:00 PM,,1
75,2:00 PM,,1
75,3:00 PM,,1
75,4:00 PM,,1
75,5:00 PM,,1
75,6:00 PM,,1
75,7:00 PM,,1
75,8:00 PM,,1
76,6:00 AM,,1
76,7:00 AM,,1
76,8:00 AM,,1
76,9:00 AM,,1
76,10:00 AM,,1
76,11:00 AM,,1
76,12:00 PM,,1
76,1:00 PM,,1
76,2:00 PM,,1
76,3:00 PM,,1
76,4:00 PM,,1
76,5:00 PM,,1
76,6:00 PM,,1
76,7:00 PM,,1
76,8:00 PM,,1
77,6:00 AM,EV8,50
77,7:00 AM,EV8,50
77,8:00 AM,EV8,50
77,9:00 AM,4AC,50
77,10:00 AM,4AC,50
77,11:00 AM,4AC,50
77,12:00 PM,4AC,50
77,1:00 PM,4AC,50
77,2:00 PM,4AC,50
77,3:00 PM,4AC,50
77,4:00 PM,4AC,50
77,5:00 PM,4AC,50
77,6:00 PM,1BS,50
77,7:00 PM,1BS,50
77,8:00 PM,1BS,50
78,6:00 AM,1HK,50
78,7:00 AM,1HK,50
78,8:00 AM,1HK,50
78,9:00 AM,1HK,50
78,10:00 AM,1HK,50
78,11:00 AM,1HK,50
78,12:00 PM,1HK,50
78,1:00 PM,1HK,50
78,2:00 PM,1HK,50
78,3:00 PM,1HK,50
78,4:00 PM,1HK,50
78,5:00 PM,1HK,50
78,6:00 PM,1HK,50
78,7:00 PM,1HK,50
78,8:00 PM,1HK,50
79,6:00 AM,585,50
79,7:00 AM,585,50
79,8:00 AM,585,50
79,9:00 AM,585,50
79,10:00 AM,673,50
79,11:00 AM,6ZJ,50
79,12:00 PM,6ZJ,50
79,1:00 PM,6ZJ,50
79,2:00 PM,6ZJ,50
79,3:00 PM,6ZJ,50
79,4:00 PM,6ZJ,50
79,5:00 PM,6ZJ,50
79,6:00 PM,4A9,50
79,7:00 PM,EZG,50
79,8:00 PM,EZG,50
80,6:00 AM,981,50
80,7:00 AM,981,50
80,8:00 AM,981,50
80,9:00 AM,6RG,50
80,10:00 AM,6RG,50
80,11:00 AM,6RG,50
80,12:00 PM,6RG,50
80,1:00 PM,6RG,50
80,2:00 PM,6RG,50
80,3:00 PM,6RG,50
80,4:00 PM,6RG,50
80,5:00 PM,,1
80,6:00 PM,HZL,50
80,7:00 PM,4VR,50
80,8:00 PM,4VR,50
81,6:00 AM,8NC,50
81,7:00 AM,8NC,50
81,8:00 AM,8NC,50
81,9:00 AM,5CL,50
81,10:00 AM,5CL,50
81,11:00 AM,5CL,50
81,12:00 PM,5CL,50
81,1:00 PM,5CL,50
81,2:00 PM,5CL,50
81,3:00 PM,5CL,50
81,4:00 PM,5CL,50
81,5:00 PM,5CL,50
81,6:00 PM,6CF,50
81,7:00 PM,6CF,50
81,8:00 PM,6CF,50
82,6:00 AM,204,50
82,7:00 AM,204,50
82,8:00 AM,204,50
82,9:00 AM,,1
82,10:00 AM,586,50
82,11:00 AM,1SH,50
82,12:00 PM,1SH,50
82,1:00 PM,1SH,50
82,2:00 PM,,1
82,3:00 PM,95G,50
82,4:00 PM,95G,50
82,5:00 PM,95G,50
82,6:00 PM,95G,50
82,7:00 PM,6LZ,50
82,8:00 PM,6LZ,50
83,6:00 AM,Blocked,50
83,7:00 AM,Blocked,50
83,8:00 AM,Blocked,50
83,9:00 AM,Blocked,50
83,10:00 AM,Blocked,50
83,11:00 AM,Blocked,50
83,12:00 PM,Blocked,50
83,1:00 PM,Blocked,50
83,2:00 PM,Blocked,50
83,3:00 PM,Blocked,50
83,4:00 PM,Blocked,50
83,5:00 PM,Blocked,50
83,6:00 PM,Blocked,50
83,7:00 PM,Blocked,50
83,8:00 PM,Blocked,50
84,6:00 AM,3GC,50
84,7:00 AM,3GC,50
84,8:00 AM,,1
84,9:00 AM,,1
84,10:00 AM,548,50
84,11:00 AM,548,50
84,12:00 PM,548,50
84,1:00 PM,548,50
84,2:00 PM,548,50
84,3:00 PM,548,50
84,4:00 PM,548,50
84,5:00 PM,,1
84,6:00 PM,,1
84,7:00 PM,,1
84,8:00 PM,,1
85,6:00 AM,8XX,50
85,7:00 AM,8XX,50
85,8:00 AM,8XX,50
85,9:00 AM,8XX,50
85,10:00 AM,R29,50
85,11:00 AM,,1
85,12:00 PM,Blocked,50
85,1:00 PM,Blocked,50
85,2:00 PM,,1
85,3:00 PM,Blocked,50
85,4:00 PM,Blocked,50
85,5:00 PM,,1
85,6:00 PM,4TC,50
85,7:00 PM,4TC,50
85,8:00 PM,4TC,50
86,6:00 AM,962,50
86,7:00 AM,,1
86,8:00 AM,564,50
86,9:00 AM,564,50
86,10:00 AM,564,50
86,11:00 AM,564,50
86,12:00 PM,564,50
86,1:00 PM,564,50
86,2:00 PM,564,50
86,3:00 PM,564,50
86,4:00 PM,564,50
86,5:00 PM,564,50
86,6:00 PM,6ES,50
86,7:00 PM,6ES,50
86,8:00 PM,6ES,50
87,6:00 AM,45J,50
87,7:00 AM,45J,50
87,8:00 AM,45J,50
87,9:00 AM,45J,50
87,10:00 AM,,1
87,11:00 AM,62G,50
87,12:00 PM,62G,50
87,1:00 PM,62G,50
87,2:00 PM,62G,50
87,3:00 PM,62G,50
87,4:00 PM,62G,50
87,5:00 PM,62G,50
87,6:00 PM,617,50
87,7:00 PM,8BG,50
87,8:00 PM,8BG,50
88,6:00 AM,Blocked,50
88,7:00 AM,Blocked,50
88,8:00 AM,Blocked,50
88,9:00 AM,Blocked,50
88,10:00 AM,Blocked,50
88,11:00 AM,Blocked,50
88,12:00 PM,Blocked,50
88,1:00 PM,Blocked,50
88,2:00 PM,Blocked,50
88,3:00 PM,Blocked,50
88,4:00 PM,Blocked,50
88,5:00 PM,Blocked,50
88,6:00 PM,Blocked,50
88,7:00 PM,Blocked,50
88,8:00 PM,Blocked,50
89,6:00 AM,643,50
89,7:00 AM,643,50
89,8:00 AM,643,50
89,9:00 AM,643,50
89,10:00 AM,643,50
89,11:00 AM,643,50
89,12:00 PM,643,50
89,1:00 PM,643,50
89,2:00 PM,643,50
89,3:00 PM,6LR,50
89,4:00 PM,6LR,50
89,5:00 PM,,1
89,6:00 PM,8BY,50
89,7:00 PM,8BY,50
89,8:00 PM,8BY,50
90,6:00 AM,1HR,50
90,7:00 AM,1HR,50
90,8:00 AM,1HR,50
90,9:00 AM,1HR,50
90,10:00 AM,1HR,50
90,11:00 AM,1HR,50
90,12:00 PM,1HR,50
90,1:00 PM,1HR,50
90,2:00 PM,1HR,50
90,3:00 PM,1HR,50
90,4:00 PM,1HR,50
90,5:00 PM,1HR,50
90,6:00 PM,1HR,50
90,7:00 PM,1HR,50
90,8:00 PM,1HR,50
91,6:00 AM,9LJ,50
91,7:00 AM,9LJ,50
91,8:00 AM,9LJ,50
91,9:00 AM,9LJ,50
91,10:00 AM,9LJ,50
91,11:00 AM,9LJ,50
91,12:00 PM,9LJ,50
91,1:00 PM,9LJ,50
91,2:00 PM,9LJ,50
91,3:00 PM,9LJ,50
91,4:00 PM,9LJ,50
91,5:00 PM,9LJ,50
91,6:00 PM,9LJ,50
91,7:00 PM,9LJ,50
91,8:00 PM,9LJ,50
92,6:00 AM,704L,50
92,7:00 AM,704L,50
92,8:00 AM,620,50
92,9:00 AM,620,50
92,10:00 AM,620,50
92,11:00 AM,620,50
92,12:00 PM,620,50
92,1:00 PM,,1
92,2:00 PM,,1
92,3:00 PM,SSW,50
92,4:00 PM,SSW,50
92,5:00 PM,SSW,50
92,6:00 PM,SSW,50
92,7:00 PM,SSW,50
92,8:00 PM,SSW,50
93,6:00 AM,3PX,50
93,7:00 AM,,1
93,8:00 AM,,1
93,9:00 AM,962,50
93,10:00 AM,962,50
93,11:00 AM,962,50
93,12:00 PM,962,50
93,1:00 PM,962,50
93,2:00 PM,962,50
93,3:00 PM,962,50
93,4:00 PM,962,50
93,5:00 PM,204,50
93,6:00 PM,204,50
93,7:00 PM,204,50
93,8:00 PM,204,50
94,6:00 AM,,1
94,7:00 AM,,1
94,8:00 AM,,1
94,9:00 AM,,1
94,10:00 AM,Blocked,50
94,11:00 AM,Blocked,50
94,12:00 PM,Blocked,50
94,1:00 PM,Blocked,50
94,2:00 PM,Blocked,50
94,3:00 PM,Blocked,50
94,4:00 PM,Blocked,50
94,5:00 PM,Blocked,50
94,6:00 PM,Blocked,50
94,7:00 PM,Blocked,50
94,8:00 PM,Blocked,50
95,6:00 AM,9FP,50
95,7:00 AM,9FP,50
95,8:00 AM,9FP,50
95,9:00 AM,9FP,50
95,10:00 AM,9FP,50
95,11:00 AM,9FP,50
95,12:00 PM,9FP,50
95,1:00 PM,9FP,50
95,2:00 PM,9FP,50
95,3:00 PM,9FP,50
95,4:00 PM,9FP,50
95,5:00 PM,9FP,50
95,6:00 PM,9FP,50
95,7:00 PM,9FP,50
95,8:00 PM,9FP,50
96,6:00 AM,5VT,50
96,7:00 AM,5VT,50
96,8:00 AM,5VT,50
96,9:00 AM,5VT,50
96,10:00 AM,,1
96,11:00 AM,3GC,50
96,12:00 PM,3GC,50
96,1:00 PM,3GC,50
96,2:00 PM,3GC,50
96,3:00 PM,7DK,50
96,4:00 PM,7DK,50
96,5:00 PM,7DK,50
96,6:00 PM,7DK,50
96,7:00 PM,7DK,50
96,8:00 PM,7DK,50
97,6:00 AM,8FP,50
97,7:00 AM,,1
97,8:00 AM,,1
97,9:00 AM,T24,50
97,10:00 AM,T25,50
97,11:00 AM,T26,50
97,12:00 PM,T27,50
97,1:00 PM,T28,50
97,2:00 PM,2GG,50
97,3:00 PM,2GG,50
97,4:00 PM,2GG,50
97,5:00 PM,2GG,50
97,6:00 PM,2GG,50
97,7:00 PM,2GG,50
97,8:00 PM,2GG,50
98,6:00 AM,6WY,50
98,7:00 AM,6WY,50
98,8:00 AM,,1
98,9:00 AM,SDY,50
98,10:00 AM,SDY,50
98,11:00 AM,SDY,50
98,12:00 PM,SDY,50
98,1:00 PM,SDY,50
98,2:00 PM,SDY,50
98,3:00 PM,SDY,50
98,4:00 PM,SDY,50
98,5:00 PM,SDY,50
98,6:00 PM,Blocked,50
98,7:00 PM,7JF,50
98,8:00 PM,7JF,50
99,6:00 AM,,1
99,7:00 AM,7HV,50
99,8:00 AM,,1
99,9:00 AM,,1
99,10:00 AM,,1
99,11:00 AM,,1
99,12:00 PM,,1
99,1:00 PM,,1
99,2:00 PM,,1
99,3:00 PM,,1
99,4:00 PM,,1
99,5:00 PM,122,50
99,6:00 PM,122,50
99,7:00 PM,122,50
99,8:00 PM,122,50
100,6:00 AM,DV92,50
100,7:00 AM,,1
100,8:00 AM,,1
100,9:00 AM,P99,50
100,10:00 AM,P100,50
100,11:00 AM,,1
100,12:00 PM,,1
100,1:00 PM,,1
100,2:00 PM,,1
100,3:00 PM,,1
100,4:00 PM,,1
100,5:00 PM,DV9,50
100,6:00 PM,DV9,50
100,7:00 PM,DV9,50
100,8:00 PM,DV9,50
101,6:00 AM,44N,50
101,7:00 AM,44N,50
101,8:00 AM,44N,50
101,9:00 AM,44N,50
101,10:00 AM,44N,50
101,11:00 AM,44N,50
101,12:00 PM,44N,50
101,1:00 PM,44N,50
101,2:00 PM,44N,50
101,3:00 PM,44N,50
101,4:00 PM,44N,50
101,5:00 PM,44N,50
101,6:00 PM,44N,50
101,7:00 PM,44N,50
101,8:00 PM,44N,50
102,6:00 AM,613,50
102,7:00 AM,613,50
102,8:00 AM,,1
102,9:00 AM,,1
102,10:00 AM,,1
102,11:00 AM,,1
102,12:00 PM,,1
102,1:00 PM,,1
102,2:00 PM,,1
102,3:00 PM,9BK,50
102,4:00 PM,9BK,50
102,5:00 PM,9BK,50
102,6:00 PM,9BK,50
102,7:00 PM,9BK,50
102,8:00 PM,9BK,50
103,6:00 AM,5YH,50
103,7:00 AM,5YH,50
103,8:00 AM,5YH,50
103,9:00 AM,5YH,50
103,10:00 AM,5YH,50
103,11:00 AM,5YH,50
103,12:00 PM,5YH,50
103,1:00 PM,5YH,50
103,2:00 PM,5YH,50
103,3:00 PM,5YH,50
103,4:00 PM,5YH,50
103,5:00 PM,5YH,50
103,6:00 PM,5YH,50
103,7:00 PM,5YH,50
103,8:00 PM,5YH,50
104,6:00 AM,336,50
104,7:00 AM,,1
104,8:00 AM,56S,50
104,9:00 AM,,1
104,10:00 AM,,1
104,11:00 AM,,1
104,12:00 PM,,1
104,1:00 PM,2X5,50
104,2:00 PM,2X5,50
104,3:00 PM,BC9,50
104,4:00 PM,BC9,50
104,5:00 PM,BC9,50
104,6:00 PM,BC9,50
104,7:00 PM,BC9,50
104,8:00 PM,BC9,50
105,6:00 AM,6B7,50
105,7:00 AM,6B7,50
105,8:00 AM,6B7,50
105,9:00 AM,6B7,50
105,10:00 AM,6B7,50
105,11:00 AM,,1
105,12:00 PM,,1
105,1:00 PM,5A.M. ,50
105,2:00 PM,5A.M. ,50
105,3:00 PM,5A.M. ,50
105,4:00 PM,5A.M. ,50
105,5:00 PM,5A.M. ,50
105,6:00 PM,5A.M. ,50
105,7:00 PM,5A.M. ,50
105,8:00 PM,5A.M. ,50
106,6:00 AM,,1
106,7:00 AM,,1
106,8:00 AM,,1
106,9:00 AM,,1
106,10:00 AM,Blocked,50
106,11:00 AM,,1
106,12:00 PM,,1
106,1:00 PM,Blocked,50
106,2:00 PM,Blocked,50
106,3:00 PM,Blocked,50
106,4:00 PM,Blocked,50
106,5:00 PM,Blocked,50
106,6:00 PM,Blocked,50
106,7:00 PM,Blocked,50
106,8:00 PM,Blocked,50
107,6:00 AM,6AP,50
107,7:00 AM,6AP,50
107,8:00 AM,6AP,50
107,9:00 AM,6AP,50
107,10:00 AM,6AP,50
107,11:00 AM,6AP,50
107,12:00 PM,6AP,50
107,1:00 PM,6AP,50
107,2:00 PM,6AP,50
107,3:00 PM,6AP,50
107,4:00 PM,6AP,50
107,5:00 PM,6AP,50
107,6:00 PM,6AP,50
107,7:00 PM,6AP,50
107,8:00 PM,6AP,50
108,6:00 AM,382,50
108,7:00 AM,382,50
108,8:00 AM,382,50
108,9:00 AM,382,50
108,10:00 AM,382,50
108,11:00 AM,382,50
108,12:00 PM,382,50
108,1:00 PM,382,50
108,2:00 PM,382,50
108,3:00 PM,382,50
108,4:00 PM,382,50
108,5:00 PM,382,50
108,6:00 PM,382,50
108,7:00 PM,382,50
108,8:00 PM,382,50
109,6:00 AM,,1
109,7:00 AM,,1
109,8:00 AM,,1
109,9:00 AM,,1
109,10:00 AM,,1
109,11:00 AM,8MW,50
109,12:00 PM,,1
109,1:00 PM,,1
109,2:00 PM,,1
109,3:00 PM,15C,50
109,4:00 PM,15C,50
109,5:00 PM,15C,50
109,6:00 PM,15C,50
109,7:00 PM,15C,50
109,8:00 PM,15C,50
110,6:00 AM,5.A.M,50
110,7:00 AM,5.A.M,50
110,8:00 AM,5.A.M,50
110,9:00 AM,5.A.M,50
110,10:00 AM,5.A.M,50
110,11:00 AM,5.A.M,50
110,12:00 PM,,1
110,1:00 PM,,1
110,2:00 PM,,1
110,3:00 PM,,1
110,4:00 PM,294,50
110,5:00 PM,294,50
110,6:00 PM,294,50
110,7:00 PM,294,50
110,8:00 PM,294,50
111,6:00 AM,8XM,50
111,7:00 AM,8XM,50
111,8:00 AM,8XM,50
111,9:00 AM,8XM,50
111,10:00 AM,8XM,50
111,11:00 AM,,1
111,12:00 PM,,1
111,1:00 PM,,1
111,2:00 PM,,1
111,3:00 PM,25L,50
111,4:00 PM,25L,50
111,5:00 PM,25L,50
111,6:00 PM,25L,50
111,7:00 PM,25L,50
111,8:00 PM,9FB,50
112,6:00 AM,5TD,50
112,7:00 AM,5TD,50
112,8:00 AM,5TD,50
112,9:00 AM,5TD,50
112,10:00 AM,5TD,50
112,11:00 AM,5TD,50
112,12:00 PM,5TD,50
112,1:00 PM,5TD,50
112,2:00 PM,5TD,50
112,3:00 PM,5TD,50
112,4:00 PM,,1
112,5:00 PM,217,50
112,6:00 PM,217,50
112,7:00 PM,217,50
112,8:00 PM,217,50
113,6:00 AM,9FX,50
113,7:00 AM,9FX,50
113,8:00 AM,9FX,50
113,9:00 AM,9FX,50
113,10:00 AM,9FX,50
113,11:00 AM,9FX,50
113,12:00 PM,4GH,50
113,1:00 PM,4GH,50
113,2:00 PM,,1
113,3:00 PM,,1
113,4:00 PM,729,50
113,5:00 PM,729,50
113,6:00 PM,729,50
113,7:00 PM,729,50
113,8:00 PM,729,50
114,6:00 AM,A28,50
114,7:00 AM,A28,50
114,8:00 AM,A28,50
114,9:00 AM,A28,50
114,10:00 AM,A28,50
114,11:00 AM,A28,50
114,12:00 PM,A28,50
114,1:00 PM,A28,50
114,2:00 PM,A28,50
114,3:00 PM,A28,50
114,4:00 PM,A28,50
114,5:00 PM,A28,50
114,6:00 PM,A28,50
114,7:00 PM,A28,50
114,8:00 PM,A28,50
115,6:00 AM,9FG,50
115,7:00 AM,9FG,50
115,8:00 AM,9FG,50
115,9:00 AM,9FG,50
115,10:00 AM,9FG,50
115,11:00 AM,9FG,50
115,12:00 PM,9FG,50
115,1:00 PM,9FG,50
115,2:00 PM,9FG,50
115,3:00 PM,9FG,50
115,4:00 PM,9FG,50
115,5:00 PM,9FG,50
115,6:00 PM,9FG,50
115,7:00 PM,9FG,50
115,8:00 PM,9FG,50
116,6:00 AM,9RX,50
116,7:00 AM,,1
116,8:00 AM,473,50
116,9:00 AM,473,50
116,10:00 AM,473,50
116,11:00 AM,1RL,50
116,12:00 PM,1RL,50
116,1:00 PM,JT2,50
116,2:00 PM,JT2,50
116,3:00 PM,JT2,50
116,4:00 PM,JT2,50
116,5:00 PM,JT2,50
116,6:00 PM,9NX,50
116,7:00 PM,9NX,50
116,8:00 PM,9NX,50
117,6:00 AM,9GP,50
117,7:00 AM,9GP,50
117,8:00 AM,9GP,50
117,9:00 AM,9GP,50
117,10:00 AM,1NRV,50
117,11:00 AM,1NRV,50
117,12:00 PM,1NRV,50
117,1:00 PM,1NRV,50
117,2:00 PM,1NRV,50
117,3:00 PM,1NRV,50
117,4:00 PM,,1
117,5:00 PM,HJM,50
117,6:00 PM,HJM,50
117,7:00 PM,1SS,50
117,8:00 PM,1SS,50
118,6:00 AM,27E,50
118,7:00 AM,27E,50
118,8:00 AM,1JD,50
118,9:00 AM,1JD,50
118,10:00 AM,1JD,50
118,11:00 AM,,1
118,12:00 PM,,1
118,1:00 PM,,1
118,2:00 PM,6BW,50
118,3:00 PM,6BW,50
118,4:00 PM,6BW,50
118,5:00 PM,6BW,50
118,6:00 PM,6BW,50
118,7:00 PM,6BW,50
118,8:00 PM,6BW,50
119,6:00 AM,8PF,50
119,7:00 AM,8PF,50
119,8:00 AM,8PF,50
119,9:00 AM,8PF,50
119,10:00 AM,8PF,50
119,11:00 AM,892,50
119,12:00 PM,892,50
119,1:00 PM,447,50
119,2:00 PM,447,50
119,3:00 PM,9GP,50
119,4:00 PM,9GP,50
119,5:00 PM,9GP,50
119,6:00 PM,9GP,50
119,7:00 PM,9GP,50
119,8:00 PM,9GP,50
120,6:00 AM,2GG,50
120,7:00 AM,2GG,50
120,8:00 AM,2GG,50
120,9:00 AM,2GG,50
120,10:00 AM,GGF,50
120,11:00 AM,GGF,50
120,12:00 PM,1AG,50
120,1:00 PM,22F,50
120,2:00 PM,22F,50
120,3:00 PM,22F,50
120,4:00 PM,22F,50
120,5:00 PM,,1
120,6:00 PM,1RA,50
120,7:00 PM,1RA,50
120,8:00 PM,1RA,50
121,6:00 AM,2PB,50
121,7:00 AM,2PB,50
121,8:00 AM,,1
121,9:00 AM,8G9,50
121,10:00 AM,S71,50
121,11:00 AM,S71,50
121,12:00 PM,S71,50
121,1:00 PM,,1
121,2:00 PM,3SC,50
121,3:00 PM,3SC,50
121,4:00 PM,3SC,50
121,5:00 PM,,1
121,6:00 PM,IC4,50
121,7:00 PM,IC4,50
121,8:00 PM,IC4,50
122,6:00 AM,Blocked,50
122,7:00 AM,Blocked,50
122,8:00 AM,,1
122,9:00 AM,Blocked,50
122,10:00 AM,Blocked,50
122,11:00 AM,Blocked,50
122,12:00 PM,Blocked,50
122,1:00 PM,,1
122,2:00 PM,Blocked,50
122,3:00 PM,Blocked,50
122,4:00 PM,Blocked,50
122,5:00 PM,,1
122,6:00 PM,,1
122,7:00 PM,Blocked,50
122,8:00 PM,Blocked,50
123,6:00 AM,7PS,50
123,7:00 AM,7PS,50
123,8:00 AM,7PS,50
123,9:00 AM,7PS,50
123,10:00 AM,7PS,50
123,11:00 AM,7PS,50
123,12:00 PM,7PS,50
123,1:00 PM,7PS,50
123,2:00 PM,7PS,50
123,3:00 PM,7PS,50
123,4:00 PM,7PS,50
123,5:00 PM,7PS,50
123,6:00 PM,7PS,50
123,7:00 PM,7PS,50
123,8:00 PM,7PS,50
124,6:00 AM,1DH,50
124,7:00 AM,1DH,50
124,8:00 AM,1DH,50
124,9:00 AM,1DH,50
124,10:00 AM,1DH,50
124,11:00 AM,1DH,50
124,12:00 PM,1DH,50
124,1:00 PM,1DH,50
124,2:00 PM,1DH,50
124,3:00 PM,1DH,50
124,4:00 PM,1DH,50
124,5:00 PM,1DH,50
124,6:00 PM,1DH,50
124,7:00 PM,1DH,50
124,8:00 PM,9HW,50
125,6:00 AM,841,50
125,7:00 AM,,1
125,8:00 AM,,1
125,9:00 AM,,1
125,10:00 AM,,1
125,11:00 AM,302,50
125,12:00 PM,,1
125,1:00 PM,9HH,50
125,2:00 PM,9HH,50
125,3:00 PM,9HH,50
125,4:00 PM,9HH,50
125,5:00 PM,858,50
125,6:00 PM,858,50
125,7:00 PM,,1
125,8:00 PM,55S,50
126,6:00 AM,5VN,50
126,7:00 AM,5VN,50
126,8:00 AM,,1
126,9:00 AM,,1
126,10:00 AM,7LG,50
126,11:00 AM,22P,50
126,12:00 PM,5HT,50
126,1:00 PM,5HT,50
126,2:00 PM,5HJ,50
126,3:00 PM,,1
126,4:00 PM,Blocked,50
126,5:00 PM,Blocked,50
126,6:00 PM,5KF,50
126,7:00 PM,5KF,50
126,8:00 PM,5KF,50
127,6:00 AM,Blocked ,50
127,7:00 AM,Blocked ,50
127,8:00 AM,566,50
127,9:00 AM,566,50
127,10:00 AM,566,50
127,11:00 AM,P67,50
127,12:00 PM,P67,50
127,1:00 PM,P67,50
127,2:00 PM,P67,50
127,3:00 PM,P67,50
127,4:00 PM,586,50
127,5:00 PM,586,50
127,6:00 PM,94X,50
127,7:00 PM,94X,50
127,8:00 PM,94X,50
128,6:00 AM,236,50
128,7:00 AM,236,50
128,8:00 AM,236,50
128,9:00 AM,,1
128,10:00 AM,2SS,50
128,11:00 AM,Blocked,50
128,12:00 PM,Blocked,50
128,1:00 PM,Blocked,50
128,2:00 PM,Blocked,50
128,3:00 PM,Blocked,50
128,4:00 PM,,1
128,5:00 PM,7W5,50
128,6:00 PM,,1
128,7:00 PM,Blocked,50
128,8:00 PM,Blocked,50
129,6:00 AM,155,50
129,7:00 AM,155,50
129,8:00 AM,155,50
129,9:00 AM,,1
129,10:00 AM,8RS,50
129,11:00 AM,8RS,50
129,12:00 PM,8RS,50
129,1:00 PM,8RS,50
129,2:00 PM,8RS,50
129,3:00 PM,8RS,50
129,4:00 PM,8RS,50
129,5:00 PM,8RS,50
129,6:00 PM,8RS,50
129,7:00 PM,8RS,50
129,8:00 PM,8RS,50
130,6:00 AM,237,50
130,7:00 AM,237,50
130,8:00 AM,237,50
130,9:00 AM,237,50
130,10:00 AM,237,50
130,11:00 AM,237,50
130,12:00 PM,237,50
130,1:00 PM,237,50
130,2:00 PM,237,50
130,3:00 PM,237,50
130,4:00 PM,237,50
130,5:00 PM,460,50
130,6:00 PM,460,50
130,7:00 PM,460,50
130,8:00 PM,6LR,50
131,6:00 AM,9YX,50
131,7:00 AM,9YX,50
131,8:00 AM,6LT,50
131,9:00 AM,,1
131,10:00 AM,22F,50
131,11:00 AM,22F,50
131,12:00 PM,4FM,50
131,1:00 PM,4FM,50
131,2:00 PM,,1
131,3:00 PM,1RC,50
131,4:00 PM,1RC,50
131,5:00 PM,1RC,50
131,6:00 PM,1RC,50
131,7:00 PM,1RC,50
131,8:00 PM,1RC,50
132,6:00 AM,867,50
132,7:00 AM,867,50
132,8:00 AM,867,50
132,9:00 AM,867,50
132,10:00 AM,867,50
132,11:00 AM,867,50
132,12:00 PM,867,50
132,1:00 PM,867,50
132,2:00 PM,867,50
132,3:00 PM,867,50
132,4:00 PM,867,50
132,5:00 PM,867,50
132,6:00 PM,867,50
132,7:00 PM,1RH,50
132,8:00 PM,1RH,50
133,6:00 AM,58X,50
133,7:00 AM,58X,50
133,8:00 AM,8EE,50
133,9:00 AM,8EE,50
133,10:00 AM,8EE,50
133,11:00 AM,206,50
133,12:00 PM,206,50
133,1:00 PM,206,50
133,2:00 PM,206,50
133,3:00 PM,,1
133,4:00 PM,1BA,50
133,5:00 PM,1BA,50
133,6:00 PM,1BA,50
133,7:00 PM,1BA,50
133,8:00 PM,1BA,50
134,6:00 AM,96K,50
134,7:00 AM,96K,50
134,8:00 AM,96K,50
134,9:00 AM,,1
134,10:00 AM,6VK,50
134,11:00 AM,6VK,50
134,12:00 PM,6VK,50
134,1:00 PM,,1
134,2:00 PM,9MB,50
134,3:00 PM,9MB,50
134,4:00 PM,,1
134,5:00 PM,5VN,50
134,6:00 PM,5VN,50
134,7:00 PM,5VN,50
134,8:00 PM,5VN,50
135,6:00 AM,Blocked,50
135,7:00 AM,Blocked,50
135,8:00 AM,Blocked,50
135,9:00 AM,Blocked,50
135,10:00 AM,163,50
135,11:00 AM,163,50
135,12:00 PM,163,50
135,1:00 PM,163,50
135,2:00 PM,163,50
135,3:00 PM,163,50
135,4:00 PM,163,50
135,5:00 PM,163,50
135,6:00 PM,163,50
135,7:00 PM,163,50
135,8:00 PM,470,50
136,6:00 AM,KP7,50
136,7:00 AM,KP7,50
136,8:00 AM,KP7,50
136,9:00 AM,KP7,50
136,10:00 AM,5TG,50
136,11:00 AM,5TG,50
136,12:00 PM,5TG,50
136,1:00 PM,5TG,50
136,2:00 PM,5TG,50
136,3:00 PM,5TG,50
136,4:00 PM,5TG,50
136,5:00 PM,5TG,50
136,6:00 PM,5TG,50
136,7:00 PM,5TG,50
136,8:00 PM,7MV,50
137,6:00 AM,9BK,50
137,7:00 AM,9BK,50
137,8:00 AM,9BK,50
137,9:00 AM,9BK,50
137,10:00 AM,9BK,50
137,11:00 AM,9BK,50
137,12:00 PM,9BK,50
137,1:00 PM,,1
137,2:00 PM,96K,50
137,3:00 PM,96K,50
137,4:00 PM,96K,50
137,5:00 PM,96K,50
137,6:00 PM,96K,50
137,7:00 PM,96K,50
137,8:00 PM,96K,50
138,6:00 AM,6HC,50
138,7:00 AM,6HC,50
138,8:00 AM,6HC,50
138,9:00 AM,6HC,50
138,10:00 AM,6HC,50
138,11:00 AM,6HC,50
138,12:00 PM,6HC,50
138,1:00 PM,6HC,50
138,2:00 PM,6HC,50
138,3:00 PM,6HC,50
138,4:00 PM,6HC,50
138,5:00 PM,6HC,50
138,6:00 PM,6HC,50
138,7:00 PM,6HC,50
138,8:00 PM,6HC,50
139,6:00 AM,1BC,50
139,7:00 AM,1BC,50
139,8:00 AM,1BC,50
139,9:00 AM,1BC,50
139,10:00 AM,8BA,50
139,11:00 AM,8BA,50
139,12:00 PM,8BA,50
139,1:00 PM,,1
139,2:00 PM,8FC,50
139,3:00 PM,8FC,50
139,4:00 PM,8FC,50
139,5:00 PM,8FC,50
139,6:00 PM,8FC,50
139,7:00 PM,8FC,50
139,8:00 PM,8FC,50
140,6:00 AM,1SR,50
140,7:00 AM,1SR,50
140,8:00 AM,1SR,50
140,9:00 AM,1SR,50
140,10:00 AM,1SR,50
140,11:00 AM,1SR,50
140,12:00 PM,1SR,50
140,1:00 PM,1SR,50
140,2:00 PM,1SR,50
140,3:00 PM,1SR,50
140,4:00 PM,1SR,50
140,5:00 PM,1SR,50
140,6:00 PM,1SR,50
140,7:00 PM,1SR,50
140,8:00 PM,1SR,50
141,6:00 AM,729,50
141,7:00 AM,729,50
141,8:00 AM,21K,50
141,9:00 AM,21K,50
141,10:00 AM,21K,50
141,11:00 AM,21K,50
141,12:00 PM,21K,50
141,1:00 PM,21K,50
141,2:00 PM,21K,50
141,3:00 PM,21K,50
141,4:00 PM,21K,50
141,5:00 PM,,1
141,6:00 PM,236,50
141,7:00 PM,236,50
141,8:00 PM,236,50
142,6:00 AM,EV2,50
142,7:00 AM,EV2,50
142,8:00 AM,,1
142,9:00 AM,7PG,50
142,10:00 AM,7PG,50
142,11:00 AM,7PG,50
142,12:00 PM,7PG,50
142,1:00 PM,7PG,50
142,2:00 PM,7PG,50
142,3:00 PM,7PG,50
142,4:00 PM,9AC,50
142,5:00 PM,P32,50
142,6:00 PM,P32,50
142,7:00 PM,P32,50
142,8:00 PM,P32,50
143,6:00 AM,4KX,50
143,7:00 AM,9GA,50
143,8:00 AM,9GA,50
143,9:00 AM,9GA,50
143,10:00 AM,9GA,50
143,11:00 AM,9GA,50
143,12:00 PM,9GA,50
143,1:00 PM,9GA,50
143,2:00 PM,9GA,50
143,3:00 PM,9GA,50
143,4:00 PM,9GA,50
143,5:00 PM,,1
143,6:00 PM,V41,50
143,7:00 PM,V41,50
143,8:00 PM,V41,50
144,6:00 AM,8EK,50
144,7:00 AM,6KA,50
144,8:00 AM,6KA,50
144,9:00 AM,,1
144,10:00 AM,6NF,50
144,11:00 AM,6NF,50
144,12:00 PM,6NF,50
144,1:00 PM,6NF,50
144,2:00 PM,6NF,50
144,3:00 PM,6NF,50
144,4:00 PM,6NF,50
144,5:00 PM,,1
144,6:00 PM,2VT,50
144,7:00 PM,2VT,50
144,8:00 PM,2VT,50
145,6:00 AM,7BF,50
145,7:00 AM,7BF,50
145,8:00 AM,7BF,50
145,9:00 AM,7BF,50
145,10:00 AM,7BF,50
145,11:00 AM,7BF,50
145,12:00 PM,7BF,50
145,1:00 PM,7BF,50
145,2:00 PM,7BF,50
145,3:00 PM,7BF,50
145,4:00 PM,7BF,50
145,5:00 PM,7BF,50
145,6:00 PM,7BF,50
145,7:00 PM,7BF,50
145,8:00 PM,7BF,50
146,6:00 AM,2LW,50
146,7:00 AM,6CH,50
146,8:00 AM,6CH,50
146,9:00 AM,6CH,50
146,10:00 AM,6CH,50
146,11:00 AM,6CH,50
146,12:00 PM,6CH,50
146,1:00 PM,6CH,50
146,2:00 PM,6CH,50
146,3:00 PM,6CH,50
146,4:00 PM,6CH,50
146,5:00 PM,3WY,50
146,6:00 PM,8WJ,50
146,7:00 PM,8WJ,50
146,8:00 PM,,1
147,6:00 AM,2PJ,50
147,7:00 AM,2PJ,50
147,8:00 AM,2PJ,50
147,9:00 AM,2PJ,50
147,10:00 AM,2PJ,50
147,11:00 AM,2PJ,50
147,12:00 PM,892,50
147,1:00 PM,892,50
147,2:00 PM,892,50
147,3:00 PM,892,50
147,4:00 PM,892,50
147,5:00 PM,892,50
147,6:00 PM,892,50
147,7:00 PM,892,50
147,8:00 PM,892,50
148,6:00 AM,,1
148,7:00 AM,,1
148,8:00 AM,,1
148,9:00 AM,,1
148,10:00 AM,,1
148,11:00 AM,,1
148,12:00 PM,,1
148,1:00 PM,Blocked,50
148,2:00 PM,Blocked,50
148,3:00 PM,Blocked,50
148,4:00 PM,Blocked,50
148,5:00 PM,Blocked,50
148,6:00 PM,Blocked,50
148,7:00 PM,Blocked,50
148,8:00 PM,Blocked,50
149,6:00 AM,6WW,50
149,7:00 AM,6WW,50
149,8:00 AM,6WW,50
149,9:00 AM,6WW,50
149,10:00 AM,6WW,50
149,11:00 AM,,1
149,12:00 PM,,1
149,1:00 PM,811,50
149,2:00 PM,,1
149,3:00 PM,,1
149,4:00 PM,,1
149,5:00 PM,,1
149,6:00 PM,193,50
149,7:00 PM,193,50
149,8:00 PM,,1
150,6:00 AM,7ZV,50
150,7:00 AM,7ZV,50
150,8:00 AM,7ZV,50
150,9:00 AM,,1
150,10:00 AM,,1
150,11:00 AM,9HW,50
150,12:00 PM,9HW,50
150,1:00 PM,9HW,50
150,2:00 PM,9HW,50
150,3:00 PM,9HW,50
150,4:00 PM,,1
150,5:00 PM,,1
150,6:00 PM,,1
150,7:00 PM,,1
150,8:00 PM,613,50
151,6:00 AM,6XD,50
151,7:00 AM,6XD,50
151,8:00 AM,6XD,50
151,9:00 AM,6XD,50
151,10:00 AM,6XD,50
151,11:00 AM,6XD,50
151,12:00 PM,6XD,50
151,1:00 PM,6XD,50
151,2:00 PM,6XD,50
151,3:00 PM,6XD,50
151,4:00 PM,6XD,50
151,5:00 PM,6XD,50
151,6:00 PM,,1
151,7:00 PM,Blocked,50
151,8:00 PM,,1
152,6:00 AM,547,50
152,7:00 AM,,1
152,8:00 AM,,1
152,9:00 AM,,1
152,10:00 AM,,1
152,11:00 AM,,1
152,12:00 PM,,1
152,1:00 PM,,1
152,2:00 PM,,1
152,3:00 PM,,1
152,4:00 PM,,1
152,5:00 PM,,1
152,6:00 PM,,1
152,7:00 PM,,1
152,8:00 PM,,1
153,6:00 AM,5CP,50
153,7:00 AM,,1
153,8:00 AM,,1
153,9:00 AM,,1
153,10:00 AM,,1
153,11:00 AM,,1
153,12:00 PM,,1
153,1:00 PM,,1
153,2:00 PM,,1
153,3:00 PM,,1
153,4:00 PM,,1
153,5:00 PM,,1
153,6:00 PM,,1
153,7:00 PM,,1
153,8:00 PM,,1
154,6:00 AM,5KA,50
154,7:00 AM,,1
154,8:00 AM,,1
154,9:00 AM,,1
154,10:00 AM,,1
154,11:00 AM,,1
154,12:00 PM,,1
154,1:00 PM,,1
154,2:00 PM,,1
154,3:00 PM,,1
154,4:00 PM,,1
154,5:00 PM,,1
154,6:00 PM,,1
154,7:00 PM,,1
154,8:00 PM,,1
155,6:00 AM,1HZ,50
155,7:00 AM,1HZ,50
155,8:00 AM,,1
155,9:00 AM,,1
155,10:00 AM,,1
155,11:00 AM,,1
155,12:00 PM,,1
155,1:00 PM,,1
155,2:00 PM,,1
155,3:00 PM,,1
155,4:00 PM,,1
155,5:00 PM,,1
155,6:00 PM,,1
155,7:00 PM,,1
155,8:00 PM,,1
156,6:00 AM,,1
156,7:00 AM,,1
156,8:00 AM,,1
156,9:00 AM,,1
156,10:00 AM,,1
156,11:00 AM,,1
156,12:00 PM,,1
156,1:00 PM,,1
156,2:00 PM,,1
156,3:00 PM,,1
156,4:00 PM,,1
156,5:00 PM,,1
156,6:00 PM,5KA,50
156,7:00 PM,9HM,50
156,8:00 PM,9HM,50
157,6:00 AM,,1
157,7:00 AM,,1
157,8:00 AM,,1
157,9:00 AM,,1
157,10:00 AM,,1
157,11:00 AM,,1
157,12:00 PM,,1
157,1:00 PM,,1
157,2:00 PM,,1
157,3:00 PM,,1
157,4:00 PM,,1
157,5:00 PM,,1
157,6:00 PM,547,50
157,7:00 PM,547,50
157,8:00 PM,547,50
158,6:00 AM,,1
158,7:00 AM,,1
158,8:00 AM,,1
158,9:00 AM,,1
158,10:00 AM,,1
158,11:00 AM,,1
158,12:00 PM,,1
158,1:00 PM,,1
158,2:00 PM,,1
158,3:00 PM,,1
158,4:00 PM,,1
158,5:00 PM,,1
158,6:00 PM,,1
158,7:00 PM,3MD,50
158,8:00 PM,3MD,50
159,6:00 AM,27D,50
159,7:00 AM,,1
159,8:00 AM,,1
159,9:00 AM,,1
159,10:00 AM,,1
159,11:00 AM,,1
159,12:00 PM,,1
159,1:00 PM,,1
159,2:00 PM,,1
159,3:00 PM,,1
159,4:00 PM,,1
159,5:00 PM,,1
159,6:00 PM,,1
159,7:00 PM,,1
159,8:00 PM,,1
160,6:00 AM,916,50
160,7:00 AM,,1
160,8:00 AM,,1
160,9:00 AM,,1
160,10:00 AM,,1
160,11:00 AM,,1
160,12:00 PM,,1
160,1:00 PM,,1
160,2:00 PM,,1
160,3:00 PM,,1
160,4:00 PM,,1
160,5:00 PM,,1
160,6:00 PM,,1
160,7:00 PM,916,50
160,8:00 PM,916,50
161,6:00 AM,,1
161,7:00 AM,,1
161,8:00 AM,,1
161,9:00 AM,,1
161,10:00 AM,,1
161,11:00 AM,,1
161,12:00 PM,,1
161,1:00 PM,,1
161,2:00 PM,,1
161,3:00 PM,,1
161,4:00 PM,,1
161,5:00 PM,,1
161,6:00 PM,,1
161,7:00 PM,,1
161,8:00 PM,,1
162,6:00 AM,,1
162,7:00 AM,,1
162,8:00 AM,,1
162,9:00 AM,,1
162,10:00 AM,,1
162,11:00 AM,,1
162,12:00 PM,,1
162,1:00 PM,,1
162,2:00 PM,,1
162,3:00 PM,,1
162,4:00 PM,,1
162,5:00 PM,,1
162,6:00 PM,,1
162,7:00 PM,,1
162,8:00 PM,,1
163,6:00 AM,,1
163,7:00 AM,,1
163,8:00 AM,,1
163,9:00 AM,,1
163,10:00 AM,,1
163,11:00 AM,,1
163,12:00 PM,,1
163,1:00 PM,,1
163,2:00 PM,,1
163,3:00 PM,,1
163,4:00 PM,,1
163,5:00 PM,,1
163,6:00 PM,,1
163,7:00 PM,,1
163,8:00 PM,,1
164,6:00 AM,,1
164,7:00 AM,,1
164,8:00 AM,,1
164,9:00 AM,,1
164,10:00 AM,,1
164,11:00 AM,,1
164,12:00 PM,,1
164,1:00 PM,,1
164,2:00 PM,,1
164,3:00 PM,,1
164,4:00 PM,,1
164,5:00 PM,,1
164,6:00 PM,,1
164,7:00 PM,,1
164,8:00 PM,,1
165,6:00 AM,,1
165,7:00 AM,,1
165,8:00 AM,,1
165,9:00 AM,,1
165,10:00 AM,,1
165,11:00 AM,,1
165,12:00 PM,,1
165,1:00 PM,,1
165,2:00 PM,,1
165,3:00 PM,,1
165,4:00 PM,,1
165,5:00 PM,,1
165,6:00 PM,,1
165,7:00 PM,,1
165,8:00 PM,,1
166,6:00 AM,3JF,50
166,7:00 AM,3JF,50
166,8:00 AM,,1
166,9:00 AM,,1
166,10:00 AM,,1
166,11:00 AM,,1
166,12:00 PM,,1
166,1:00 PM,,1
166,2:00 PM,,1
166,3:00 PM,,1
166,4:00 PM,,1
166,5:00 PM,,1
166,6:00 PM,,1
166,7:00 PM,1NR,50
166,8:00 PM,1NR,50
167,6:00 AM,7DK,50
167,7:00 AM,7DK,50
167,8:00 AM,,1
167,9:00 AM,,1
167,10:00 AM,,1
167,11:00 AM,,1
167,12:00 PM,,1
167,1:00 PM,,1
167,2:00 PM,,1
167,3:00 PM,,1
167,4:00 PM,,1
167,5:00 PM,,1
167,6:00 PM,5TM,50
167,7:00 PM,5TM,50
167,8:00 PM,5TM,50
168,6:00 AM,5TM,50
168,7:00 AM,,1
168,8:00 AM,,1
168,9:00 AM,,1
168,10:00 AM,,1
168,11:00 AM,,1
168,12:00 PM,,1
168,1:00 PM,,1
168,2:00 PM,,1
168,3:00 PM,,1
168,4:00 PM,,1
168,5:00 PM,,1
168,6:00 PM,6VI,50
168,7:00 PM,6VI,50
168,8:00 PM,6VI,50
169,6:00 AM,22A,50
169,7:00 AM,22A,50
169,8:00 AM,22A,50
169,9:00 AM,22A,50
169,10:00 AM,22A,50
169,11:00 AM,22A,50
169,12:00 PM,22A,50
169,1:00 PM,22A,50
169,2:00 PM,22A,50
169,3:00 PM,22A,50
169,4:00 PM,22A,50
169,5:00 PM,22A,50
169,6:00 PM,22A,50
169,7:00 PM,22A,50
169,8:00 PM,22A,50
170,6:00 AM,5HT,50
170,7:00 AM,5HT,50
170,8:00 AM,J15,50
170,9:00 AM,,1
170,10:00 AM,,1
170,11:00 AM,,1
170,12:00 PM,,1
170,1:00 PM,,1
170,2:00 PM,,1
170,3:00 PM,9DP,50
170,4:00 PM,9DP,50
170,5:00 PM,9DP,50
170,6:00 PM,9DP,50
170,7:00 PM,9DP,50
170,8:00 PM,9DP,50
171,6:00 AM,,1
171,7:00 AM,,1
171,8:00 AM,Blocked,50
171,9:00 AM,431,50
171,10:00 AM,431,50
171,11:00 AM,431,50
171,12:00 PM,,1
171,1:00 PM,,1
171,2:00 PM,,1
171,3:00 PM,,1
171,4:00 PM,5HT,50
171,5:00 PM,5HT,50
171,6:00 PM,5HT,50
171,7:00 PM,5HT,50
171,8:00 PM,5HT,50
172,6:00 AM,122,50
172,7:00 AM,122,50
172,8:00 AM,759,50
172,9:00 AM,759,50
172,10:00 AM,759,50
172,11:00 AM,,1
172,12:00 PM,7NB,50
172,1:00 PM,,1
172,2:00 PM,,1
172,3:00 PM,,1
172,4:00 PM,,1
172,5:00 PM,,1
172,6:00 PM,,1
172,7:00 PM,7VL,50
172,8:00 PM,7VL,50
173,6:00 AM,1GC,50
173,7:00 AM,1GC,50
173,8:00 AM,1GC,50
173,9:00 AM,1GC,50
173,10:00 AM,1GC,50
173,11:00 AM,1GC,50
173,12:00 PM,1GC,50
173,1:00 PM,1GC,50
173,2:00 PM,1GC,50
173,3:00 PM,1GC,50
173,4:00 PM,1GC,50
173,5:00 PM,1GC,50
173,6:00 PM,1GC,50
173,7:00 PM,1GC,50
173,8:00 PM,1GC,50
174,6:00 AM,8PR,50
174,7:00 AM,8PR,50
174,8:00 AM,8PR,50
174,9:00 AM,8PR,50
174,10:00 AM,8PR,50
174,11:00 AM,8PR,50
174,12:00 PM,8PR,50
174,1:00 PM,8PR,50
174,2:00 PM,8PR,50
174,3:00 PM,8PR,50
174,4:00 PM,8PR,50
174,5:00 PM,8PR,50
174,6:00 PM,8PR,50
174,7:00 PM,8PR,50
174,8:00 PM,8PR,50
175,6:00 AM,174,50
175,7:00 AM,174,50
175,8:00 AM,174,50
175,9:00 AM,174,50
175,10:00 AM,174,50
175,11:00 AM,174,50
175,12:00 PM,174,50
175,1:00 PM,174,50
175,2:00 PM,174,50
175,3:00 PM,174,50
175,4:00 PM,174,50
175,5:00 PM,174,50
175,6:00 PM,174,50
175,7:00 PM,174,50
175,8:00 PM,174,50
176,6:00 AM,1AG,50
176,7:00 AM,1AG,50
176,8:00 AM,1AG,50
176,9:00 AM,1AG,50
176,10:00 AM,1AG,50
176,11:00 AM,1AG,50
176,12:00 PM,1AG,50
176,1:00 PM,1AG,50
176,2:00 PM,1AG,50
176,3:00 PM,1AG,50
176,4:00 PM,1AG,50
176,5:00 PM,1AG,50
176,6:00 PM,1AG,50
176,7:00 PM,1AG,50
176,8:00 PM,1AG,50
177,6:00 AM,5GS,50
177,7:00 AM,5GS,50
177,8:00 AM,,1
177,9:00 AM,,1
177,10:00 AM,,1
177,11:00 AM,,1
177,12:00 PM,V22,50
177,1:00 PM,V22,50
177,2:00 PM,V22,50
177,3:00 PM,,1
177,4:00 PM,,1
177,5:00 PM,8ZV,50
177,6:00 PM,759,50
177,7:00 PM,759,50
177,8:00 PM,759,50
178,6:00 AM,NED,50
178,7:00 AM,NED,50
178,8:00 AM,NED,50
178,9:00 AM,NED,50
178,10:00 AM,NED,50
178,11:00 AM,NED,50
178,12:00 PM,NED,50
178,1:00 PM,NED,50
178,2:00 PM,NED,50
178,3:00 PM,45J,50
178,4:00 PM,NED,50
178,5:00 PM,NED,50
178,6:00 PM,NED,50
178,7:00 PM,NED,50
178,8:00 PM,NED,50
179,6:00 AM,2XS,50
179,7:00 AM,,1
179,8:00 AM,,1
179,9:00 AM,,1
179,10:00 AM,,1
179,11:00 AM,586,50
179,12:00 PM,586,50
179,1:00 PM,586,50
179,2:00 PM,586,50
179,3:00 PM,,1
179,4:00 PM,336,50
179,5:00 PM,336,50
179,6:00 PM,336,50
179,7:00 PM,336,50
179,8:00 PM,336,50
180,6:00 AM,Blocked,50
180,7:00 AM,Blocked,50
180,8:00 AM,,1
180,9:00 AM,,1
180,10:00 AM,,1
180,11:00 AM,Blocked,50
180,12:00 PM,Blocked,50
180,1:00 PM,Blocked,50
180,2:00 PM,Blocked,50
180,3:00 PM,CK1,50
180,4:00 PM,Blocked,50
180,5:00 PM,Blocked,50
180,6:00 PM,Blocked,50
180,7:00 PM,Blocked,50
180,8:00 PM,,1
181,6:00 AM,294,50
181,7:00 AM,294,50
181,8:00 AM,294,50
181,9:00 AM,294,50
181,10:00 AM,294,50
181,11:00 AM,294,50
181,12:00 PM,294,50
181,1:00 PM,,1
181,2:00 PM,,1
181,3:00 PM,Blocked,50
181,4:00 PM,9KT,50
181,5:00 PM,9KT,50
181,6:00 PM,9KT,50
181,7:00 PM,96Z,50
181,8:00 PM,96Z,50
182,6:00 AM,15X,50
182,7:00 AM,15X,50
182,8:00 AM,15X,50
182,9:00 AM,15X,50
182,10:00 AM,15X,50
182,11:00 AM,15X,50
182,12:00 PM,15X,50
182,1:00 PM,15X,50
182,2:00 PM,15X,50
182,3:00 PM,15X,50
182,4:00 PM,15X,50
182,5:00 PM,15X,50
182,6:00 PM,15X,50
182,7:00 PM,15X,50
182,8:00 PM,15X,50
183,6:00 AM,Blocked,50
183,7:00 AM,Blocked,50
183,8:00 AM,,1
183,9:00 AM,,1
183,10:00 AM,Blocked,50
183,11:00 AM,,1
183,12:00 PM,,1
183,1:00 PM,45J,50
183,2:00 PM,,1
183,3:00 PM,,1
183,4:00 PM,5TD,50
183,5:00 PM,5TD,50
183,6:00 PM,5TD,50
183,7:00 PM,5TD,50
183,8:00 PM,5TD,50
184,6:00 AM,9KT,50
184,7:00 AM,9KT,50
184,8:00 AM,9KT,50
184,9:00 AM,,1
184,10:00 AM,2XS,50
184,11:00 AM,,1
184,12:00 PM,,1
184,1:00 PM,,1
184,2:00 PM,,1
184,3:00 PM,,1
184,4:00 PM,Blocked,50
184,5:00 PM,Blocked,50
184,6:00 PM,Blocked,50
184,7:00 PM,Blocked,50
184,8:00 PM,,1
185,6:00 AM,4GH,50
185,7:00 AM,4GH,50
185,8:00 AM,4GH,50
185,9:00 AM,4GH,50
185,10:00 AM,4GH,50
185,11:00 AM,,1
185,12:00 PM,,1
185,1:00 PM,,1
185,2:00 PM,4GE,50
185,3:00 PM,,1
185,4:00 PM,9FX,50
185,5:00 PM,9FX,50
185,6:00 PM,9FX,50
185,7:00 PM,9FX,50
185,8:00 PM,9FX,50
186,6:00 AM,8XR,50
186,7:00 AM,8XR,50
186,8:00 AM,8XR,50
186,9:00 AM,8XR,50
186,10:00 AM,8XR,50
186,11:00 AM,8XR,50
186,12:00 PM,8XR,50
186,1:00 PM,8XR,50
186,2:00 PM,8XR,50
186,3:00 PM,8XR,50
186,4:00 PM,8XR,50
186,5:00 PM,8XR,50
186,6:00 PM,8XR,50
186,7:00 PM,8XR,50
186,8:00 PM,8XR,50
187,6:00 AM,,1
187,7:00 AM,,1
187,8:00 AM,Blocked,50
187,9:00 AM,,1
187,10:00 AM,Blocked,50
187,11:00 AM,,1
187,12:00 PM,,1
187,1:00 PM,,1
187,2:00 PM,,1
187,3:00 PM,,1
187,4:00 PM,,1
187,5:00 PM,97P,50
187,6:00 PM,97P,50
187,7:00 PM,97P,50
187,8:00 PM,97P,50
188,6:00 AM,5KF,50
188,7:00 AM,,1
188,8:00 AM,TG1,50
188,9:00 AM,,1
188,10:00 AM,N92,50
188,11:00 AM,,1
188,12:00 PM,SMW,50
188,1:00 PM,SMW,50
188,2:00 PM,SMW,50
188,3:00 PM,SMW,50
188,4:00 PM,,1
188,5:00 PM,9MF,50
188,6:00 PM,9MF,50
188,7:00 PM,9MF,50
188,8:00 PM,9MF,50
189,6:00 AM,1JS,50
189,7:00 AM,1JS,50
189,8:00 AM,1JS,50
189,9:00 AM,1JS,50
189,10:00 AM,,1
189,11:00 AM,743,50
189,12:00 PM,,1
189,1:00 PM,,1
189,2:00 PM,,1
189,3:00 PM,,1
189,4:00 PM,1JS,50
189,5:00 PM,1JS,50
189,6:00 PM,1JS,50
189,7:00 PM,1JS,50
189,8:00 PM,1JS,50
190,6:00 AM,1CP,50
190,7:00 AM,1CP,50
190,8:00 AM,1CP,50
190,9:00 AM,1CP,50
190,10:00 AM,1CP,50
190,11:00 AM,1CP,50
190,12:00 PM,1CP,50
190,1:00 PM,1CP,50
190,2:00 PM,1CP,50
190,3:00 PM,1CP,50
190,4:00 PM,1CP,50
190,5:00 PM,1CP,50
190,6:00 PM,1CP,50
190,7:00 PM,1CP,50
190,8:00 PM,1CP,50
191,6:00 AM,1P.M.,50
191,7:00 AM,1P.M.,50
191,8:00 AM,1P.M.,50
191,9:00 AM,1P.M.,50
191,10:00 AM,1P.M.,50
191,11:00 AM,1P.M.,50
191,12:00 PM,8FX,50
191,1:00 PM,8FX,50
191,2:00 PM,8FX,50
191,3:00 PM,8FX,50
191,4:00 PM,8FX,50
191,5:00 PM,8FX,50
191,6:00 PM,8FX,50
191,7:00 PM,EV2,50
191,8:00 PM,EV2,50
192,6:00 AM,531,50
192,7:00 AM,531,50
192,8:00 AM,531,50
192,9:00 AM,531,50
192,10:00 AM,531,50
192,11:00 AM,531,50
192,12:00 PM,531,50
192,1:00 PM,531,50
192,2:00 PM,531,50
192,3:00 PM,8LE,50
192,4:00 PM,8LE,50
192,5:00 PM,8LE,50
192,6:00 PM,8LE,50
192,7:00 PM,8LE,50
192,8:00 PM,8LE,50
193,6:00 AM,5PB,50
193,7:00 AM,5PB,50
193,8:00 AM,5PB,50
193,9:00 AM,5PB,50
193,10:00 AM,5PB,50
193,11:00 AM,11F,50
193,12:00 PM,11F,50
193,1:00 PM,11F,50
193,2:00 PM,11F,50
193,3:00 PM,11F,50
193,4:00 PM,11F,50
193,5:00 PM,11F,50
193,6:00 PM,11F,50
193,7:00 PM,11F,50
193,8:00 PM,11F,50
194,6:00 AM,4DV,50
194,7:00 AM,4DV,50
194,8:00 AM,4DV,50
194,9:00 AM,4DV,50
194,10:00 AM,8SY,50
194,11:00 AM,65H,50
194,12:00 PM,65H,50
194,1:00 PM,65H,50
194,2:00 PM,65H,50
194,3:00 PM,31Z,50
194,4:00 PM,31Z,50
194,5:00 PM,31Z,50
194,6:00 PM,31Z,50
194,7:00 PM,31Z,50
194,8:00 PM,31Z,50
195,6:00 AM,7JJ,50
195,7:00 AM,7JJ,50
195,8:00 AM,7JJ,50
195,9:00 AM,7JJ,50
195,10:00 AM,7JJ,50
195,11:00 AM,7JJ,50
195,12:00 PM,7JJ,50
195,1:00 PM,7JJ,50
195,2:00 PM,7JJ,50
195,3:00 PM,7JJ,50
195,4:00 PM,7JJ,50
195,5:00 PM,7JJ,50
195,6:00 PM,7JJ,50
195,7:00 PM,7JJ,50
195,8:00 PM,7JJ,50
196,6:00 AM,8ER,50
196,7:00 AM,,1
196,8:00 AM,,1
196,9:00 AM,,1
196,10:00 AM,,1
196,11:00 AM,,1
196,12:00 PM,,1
196,1:00 PM,,1
196,2:00 PM,,1
196,3:00 PM,,1
196,4:00 PM,,1
196,5:00 PM,,1
196,6:00 PM,8ER,50
196,7:00 PM,8ER,50
196,8:00 PM,8ER,50
197,6:00 AM,,1
197,7:00 AM,,1
197,8:00 AM,5NH,50
197,9:00 AM,5NH,50
197,10:00 AM,5NH,50
197,11:00 AM,5NH,50
197,12:00 PM,5NH,50
197,1:00 PM,5NH,50
197,2:00 PM,5NH,50
197,3:00 PM,5NH,50
197,4:00 PM,5NH,50
197,5:00 PM,5NH,50
197,6:00 PM,5NH,50
197,7:00 PM,5NH,50
197,8:00 PM,5NH,50
198,6:00 AM,Construction,50
198,7:00 AM,Construction,50
198,8:00 AM,Construction,50
198,9:00 AM,Construction,50
198,10:00 AM,Construction,50
198,11:00 AM,Construction,50
198,12:00 PM,Construction,50
198,1:00 PM,Construction,50
198,2:00 PM,Construction,50
198,3:00 PM,Construction,50
198,4:00 PM,Construction,50
198,5:00 PM,Construction,50
198,6:00 PM,Construction,50
198,7:00 PM,Construction,50
198,8:00 PM,Construction,50
199,6:00 AM,,1
199,7:00 AM,LV8,50
199,8:00 AM,1BV,50
199,9:00 AM,1BV,50
199,10:00 AM,1BV,50
199,11:00 AM,1BV,50
199,12:00 PM,1BV,50
199,1:00 PM,1BV,50
199,2:00 PM,1BV,50
199,3:00 PM,1BV,50
199,4:00 PM,1BV,50
199,5:00 PM,1BV,50
199,6:00 PM,1BV,50
199,7:00 PM,1BV,50
199,8:00 PM,1BV,50
200,6:00 AM,8D2,50
200,7:00 AM,8D2,50
200,8:00 AM,8D2,50
200,9:00 AM,8D2,50
200,10:00 AM,8D2,50
200,11:00 AM,8D2,50
200,12:00 PM,,1
200,1:00 PM,,1
200,2:00 PM,,1
200,3:00 PM,,1
200,4:00 PM,2YL,50
200,5:00 PM,2YL,50
200,6:00 PM,2YL,50
200,7:00 PM,2YL,50
200,8:00 PM,2YL,50
201,6:00 AM,,1
201,7:00 AM,,1
201,8:00 AM,,1
201,9:00 AM,,1
201,10:00 AM,,1
201,11:00 AM,,1
201,12:00 PM,,1
201,1:00 PM,,1
201,2:00 PM,,1
201,3:00 PM,,1
201,4:00 PM,,1
201,5:00 PM,,1
201,6:00 PM,,1
201,7:00 PM,,1
201,8:00 PM,,1
202,6:00 AM,IRR,50
202,7:00 AM,IRR,50
202,8:00 AM,,1
202,9:00 AM,,1
202,10:00 AM,M86,50
202,11:00 AM,,1
202,12:00 PM,,1
202,1:00 PM,,1
202,2:00 PM,,1
202,3:00 PM,,1
202,4:00 PM,,1
202,5:00 PM,951,50
202,6:00 PM,951,50
202,7:00 PM,951,50
202,8:00 PM,951,50
203,6:00 AM,5GA,50
203,7:00 AM,5GA,50
203,8:00 AM,5GA,50
203,9:00 AM,,1
203,10:00 AM,,1
203,11:00 AM,,1
203,12:00 PM,,1
203,1:00 PM,,1
203,2:00 PM,4GH,50
203,3:00 PM,4GH,50
203,4:00 PM,4GH,50
203,5:00 PM,4GH,50
203,6:00 PM,4GH,50
203,7:00 PM,4GH,50
203,8:00 PM,4GH,50
204,6:00 AM,7RV,50
204,7:00 AM,7RV,50
204,8:00 AM,7RV,50
204,9:00 AM,7RV,50
204,10:00 AM,7RV,50
204,11:00 AM,7RV,50
204,12:00 PM,7RV,50
204,1:00 PM,7RV,50
204,2:00 PM,7RV,50
204,3:00 PM,7RV,50
204,4:00 PM,7RV,50
204,5:00 PM,,1
204,6:00 PM,5ZD,50
204,7:00 PM,5ZD,50
204,8:00 PM,5ZD,50
205,6:00 AM,,1
205,7:00 AM,,1
205,8:00 AM,,1
205,9:00 AM,,1
205,10:00 AM,,1
205,11:00 AM,,1
205,12:00 PM,,1
205,1:00 PM,,1
205,2:00 PM,,1
205,3:00 PM,,1
205,4:00 PM,,1
205,5:00 PM,,1
205,6:00 PM,1F6 ,50
205,7:00 PM,8MR,50
205,8:00 PM,8MR,50
206,6:00 AM,1JS,50
206,7:00 AM,1JS,50
206,8:00 AM,1JS,50
206,9:00 AM,1JS,50
206,10:00 AM,1JS,50
206,11:00 AM,1JS,50
206,12:00 PM,1JS,50
206,1:00 PM,1JS,50
206,2:00 PM,1JS,50
206,3:00 PM,1JS,50
206,4:00 PM,1JS,50
206,5:00 PM,1JS,50
206,6:00 PM,1JS,50
206,7:00 PM,1JS,50
206,8:00 PM,,1
207,6:00 AM,967,50
207,7:00 AM,,1
207,8:00 AM,,1
207,9:00 AM,,1
207,10:00 AM,,1
207,11:00 AM,,1
207,12:00 PM,,1
207,1:00 PM,,1
207,2:00 PM,,1
207,3:00 PM,,1
207,4:00 PM,,1
207,5:00 PM,,1
207,6:00 PM,,1
207,7:00 PM,,1
207,8:00 PM,,1
208,6:00 AM,9AB,50
208,7:00 AM,9AB,50
208,8:00 AM,9AB,50
208,9:00 AM,9AB,50
208,10:00 AM,9AB,50
208,11:00 AM,9AB,50
208,12:00 PM,9AB,50
208,1:00 PM,9AB,50
208,2:00 PM,9AB,50
208,3:00 PM,9AB,50
208,4:00 PM,9AB,50
208,5:00 PM,9AB,50
208,6:00 PM,9AB,50
208,7:00 PM,9AB,50
208,8:00 PM,9AB,50
209,6:00 AM,1DA,50
209,7:00 AM,1DA,50
209,8:00 AM,,1
209,9:00 AM,,1
209,10:00 AM,,1
209,11:00 AM,,1
209,12:00 PM,,1
209,1:00 PM,,1
209,2:00 PM,,1
209,3:00 PM,,1
209,4:00 PM,,1
209,5:00 PM,,1
209,6:00 PM,9JY,50
209,7:00 PM,9JY,50
209,8:00 PM,9JY,50
210,6:00 AM,217,50
210,7:00 AM,217,50
210,8:00 AM,,1
210,9:00 AM,,1
210,10:00 AM,,1
210,11:00 AM,,1
210,12:00 PM,,1
210,1:00 PM,,1
210,2:00 PM,1JH,50
210,3:00 PM,,1
210,4:00 PM,1JH,50
210,5:00 PM,1JH,50
210,6:00 PM,448,50
210,7:00 PM,448,50
210,8:00 PM,448,50
211,6:00 AM,,1
211,7:00 AM,,1
211,8:00 AM,,1
211,9:00 AM,,1
211,10:00 AM,,1
211,11:00 AM,,1
211,12:00 PM,,1
211,1:00 PM,448,50
211,2:00 PM,448,50
211,3:00 PM,448,50
211,4:00 PM,448,50
211,5:00 PM,85L,50
211,6:00 PM,85L,50
211,7:00 PM,,1
211,8:00 PM,5GS,50
212,6:00 AM,,1
212,7:00 AM,,1
212,8:00 AM,,1
212,9:00 AM,,1
212,10:00 AM,,1
212,11:00 AM,,1
212,12:00 PM,7WB,50
212,1:00 PM,7WB,50
212,2:00 PM,7WB,50
212,3:00 PM,7WB,50
212,4:00 PM,7WB,50
212,5:00 PM,7WB,50
212,6:00 PM,7WB,50
212,7:00 PM,7WB,50
212,8:00 PM,7WB,50
213,6:00 AM,85L,50
213,7:00 AM,15H,50
213,8:00 AM,15H,50
213,9:00 AM,15H,50
213,10:00 AM,15H,50
213,11:00 AM,15H,50
213,12:00 PM,,1
213,1:00 PM,,1
213,2:00 PM,,1
213,3:00 PM,,1
213,4:00 PM,,1
213,5:00 PM,,1
213,6:00 PM,,1
213,7:00 PM,,1
213,8:00 PM,,1
214,6:00 AM,Blocked,50
214,7:00 AM,Blocked,50
214,8:00 AM,Blocked,50
214,9:00 AM,Blocked,50
214,10:00 AM,Blocked,50
214,11:00 AM,Blocked,50
214,12:00 PM,Blocked,50
214,1:00 PM,Blocked,50
214,2:00 PM,Blocked,50
214,3:00 PM,Blocked,50
214,4:00 PM,Blocked,50
214,5:00 PM,Blocked,50
214,6:00 PM,Blocked,50
214,7:00 PM,Blocked,50
214,8:00 PM,Blocked,50
215,6:00 AM,5HM,50
215,7:00 AM,5HM,50
215,8:00 AM,5HM,50
215,9:00 AM,5HM,50
215,10:00 AM,5HM,50
215,11:00 AM,5HM,50
215,12:00 PM,5HM,50
215,1:00 PM,5HM,50
215,2:00 PM,5HM,50
215,3:00 PM,5HM,50
215,4:00 PM,5HM,50
215,5:00 PM,5HM,50
215,6:00 PM,,1
215,7:00 PM,9NP,50
215,8:00 PM,9NP,50
216,6:00 AM,448,50
216,7:00 AM,,1
216,8:00 AM,,1
216,9:00 AM,,1
216,10:00 AM,,1
216,11:00 AM,,1
216,12:00 PM,,1
216,1:00 PM,,1
216,2:00 PM,4TJ,50
216,3:00 PM,4TJ,50
216,4:00 PM,4TJ,50
216,5:00 PM,4TJ,50
216,6:00 PM,4TJ,50
216,7:00 PM,4TJ,50
216,8:00 PM,4TJ,50
217,6:00 AM,,1
217,7:00 AM,,1
217,8:00 AM,,1
217,9:00 AM,,1
217,10:00 AM,,1
217,11:00 AM,,1
217,12:00 PM,,1
217,1:00 PM,,1
217,2:00 PM,,1
217,3:00 PM,,1
217,4:00 PM,,1
217,5:00 PM,,1
217,6:00 PM,,1
217,7:00 PM,388,50
217,8:00 PM,388,50
218,6:00 AM,9NP,50
218,7:00 AM,9NP,50
218,8:00 AM,9NP,50
218,9:00 AM,9NP,50
218,10:00 AM,9NP,50
218,11:00 AM,9NP,50
218,12:00 PM,9NP,50
218,1:00 PM,9NP,50
218,2:00 PM,9NP,50
218,3:00 PM,9NP,50
218,4:00 PM,9NP,50
218,5:00 PM,9NP,50
218,6:00 PM,9NP,50
218,7:00 PM,44W,50
218,8:00 PM,44W,50
219,6:00 AM,,1
219,7:00 AM,5KP,50
219,8:00 AM,,1
219,9:00 AM,,1
219,10:00 AM,,1
219,11:00 AM,,1
219,12:00 PM,,1
219,1:00 PM,,1
219,2:00 PM,,1
219,3:00 PM,,1
219,4:00 PM,,1
219,5:00 PM,,1
219,6:00 PM,1KP,50
219,7:00 PM,1KP,50
219,8:00 PM,1KP,50
220,6:00 AM,ATO,50
220,7:00 AM,,1
220,8:00 AM,,1
220,9:00 AM,,1
220,10:00 AM,44W,50
220,11:00 AM,44W,50
220,12:00 PM,44W,50
220,1:00 PM,,1
220,2:00 PM,53E,50
220,3:00 PM,53E,50
220,4:00 PM,53E,50
220,5:00 PM,53B,50
220,6:00 PM,53B,50
220,7:00 PM,53B,50
220,8:00 PM,53B,50
221,6:00 AM,739,50
221,7:00 AM,739,50
221,8:00 AM,739,50
221,9:00 AM,739,50
221,10:00 AM,739,50
221,11:00 AM,739,50
221,12:00 PM,739,50
221,1:00 PM,739,50
221,2:00 PM,739,50
221,3:00 PM,739,50
221,4:00 PM,739,50
221,5:00 PM,739,50
221,6:00 PM,739,50
221,7:00 PM,739,50
221,8:00 PM,739,50
222,6:00 AM,53B,50
222,7:00 AM,53B,50
222,8:00 AM,53B,50
222,9:00 AM,,1
222,10:00 AM,,1
222,11:00 AM,,1
222,12:00 PM,,1
222,1:00 PM,,1
222,2:00 PM,,1
222,3:00 PM,,1
222,4:00 PM,,1
222,5:00 PM,ATO,50
222,6:00 PM,ATO,50
222,7:00 PM,ATO,50
222,8:00 PM,ATO,50
223,6:00 AM,,1
223,7:00 AM,,1
223,8:00 AM,ATO,50
223,9:00 AM,,1
223,10:00 AM,9LD,50
223,11:00 AM,9LD,50
223,12:00 PM,9LD,50
223,1:00 PM,9LD,50
223,2:00 PM,9LD,50
223,3:00 PM,9LD,50
223,4:00 PM,9LD,50
223,5:00 PM,9LD,50
223,6:00 PM,9LD,50
223,7:00 PM,9LD,50
223,8:00 PM,5KP,50
224,6:00 AM,UMD,50
224,7:00 AM,UMD,50
224,8:00 AM,UMD,50
224,9:00 AM,UMD,50
224,10:00 AM,UMD,50
224,11:00 AM,UMD,50
224,12:00 PM,UMD,50
224,1:00 PM,UMD,50
224,2:00 PM,UMD,50
224,3:00 PM,UMD,50
224,4:00 PM,UMD,50
224,5:00 PM,UMD,50
224,6:00 PM,UMD,50
224,7:00 PM,UMD,50
224,8:00 PM,UMD,50
225,6:00 AM,9ES,50
225,7:00 AM,9ES,50
225,8:00 AM,9ES,50
225,9:00 AM,9ES,50
225,10:00 AM,9ES,50
225,11:00 AM,606,50
225,12:00 PM,,1
225,1:00 PM,,1
225,2:00 PM,,1
225,3:00 PM,ATO,50
225,4:00 PM,,1
225,5:00 PM,,1
225,6:00 PM,9ES,50
225,7:00 PM,9ES,50
225,8:00 PM,9ES,50
226,6:00 AM,ANT,50
226,7:00 AM,ANT,50
226,8:00 AM,ANT,50
226,9:00 AM,,1
226,10:00 AM,,1
226,11:00 AM,Blocked,50
226,12:00 PM,,1
226,1:00 PM,Blocked,50
226,2:00 PM,,1
226,3:00 PM,,1
226,4:00 PM,,1
226,5:00 PM,,1
226,6:00 PM,,1
226,7:00 PM,,1
226,8:00 PM,2VE,50
227,6:00 AM,Blocked,50
227,7:00 AM,Blocked,50
227,8:00 AM,Blocked,50
227,9:00 AM,,1
227,10:00 AM,734,50
227,11:00 AM,734,50
227,12:00 PM,734,50
227,1:00 PM,734,50
227,2:00 PM,734,50
227,3:00 PM,,1
227,4:00 PM,,1
227,5:00 PM,,1
227,6:00 PM,Blocked,50
227,7:00 PM,Blocked,50
227,8:00 PM,,1
228,6:00 AM,3YO,50
228,7:00 AM,3YO,50
228,8:00 AM,3YO,50
228,9:00 AM,3YO,50
228,10:00 AM,3YO,50
228,11:00 AM,8RF,50
228,12:00 PM,,1
228,1:00 PM,,1
228,2:00 PM,8GA,50
228,3:00 PM,,1
228,4:00 PM,8RF,50
228,5:00 PM,8RF,50
228,6:00 PM,8RF,50
228,7:00 PM,8RF,50
228,8:00 PM,8RF,50
229,6:00 AM,5KP,50
229,7:00 AM,,1
229,8:00 AM,5KP,50
229,9:00 AM,5KP,50
229,10:00 AM,,1
229,11:00 AM,,1
229,12:00 PM,,1
229,1:00 PM,,1
229,2:00 PM,,1
229,3:00 PM,8D2,50
229,4:00 PM,8D2,50
229,5:00 PM,8D2,50
229,6:00 PM,396,50
229,7:00 PM,396,50
229,8:00 PM,396,50
230,6:00 AM,6UM,50
230,7:00 AM,6UM,50
230,8:00 AM,,1
230,9:00 AM,,1
230,10:00 AM,,1
230,11:00 AM,,1
230,12:00 PM,,1
230,1:00 PM,,1
230,2:00 PM,737,50
230,3:00 PM,737,50
230,4:00 PM,737,50
230,5:00 PM,737,50
230,6:00 PM,737,50
230,7:00 PM,737,50
230,8:00 PM,737,50
231,6:00 AM,66A,50
231,7:00 AM,66A,50
231,8:00 AM,66A,50
231,9:00 AM,66A,50
231,10:00 AM,66A,50
231,11:00 AM,66A,50
231,12:00 PM,66A,50
231,1:00 PM,66A,50
231,2:00 PM,66A,50
231,3:00 PM,66A,50
231,4:00 PM,66A,50
231,5:00 PM,66A,50
231,6:00 PM,66A,50
231,7:00 PM,66A,50
231,8:00 PM,66A,50
232,6:00 AM,GWX,50
232,7:00 AM,GWX,50
232,8:00 AM,GWX,50
232,9:00 AM,GWX,50
232,10:00 AM,GWX,50
232,11:00 AM,GWX,50
232,12:00 PM,GWX,50
232,1:00 PM,GWX,50
232,2:00 PM,GWX,50
232,3:00 PM,GWX,50
232,4:00 PM,GWX,50
232,5:00 PM,GWX,50
232,6:00 PM,GWX,50
232,7:00 PM,GWX,50
232,8:00 PM,GWX,50
233,6:00 AM,CLO,50
233,7:00 AM,CLO,50
233,8:00 AM,CLO,50
233,9:00 AM,CLO,50
233,10:00 AM,CLO,50
233,11:00 AM,CLO,50
233,12:00 PM,CLO,50
233,1:00 PM,CLO,50
233,2:00 PM,CLO,50
233,3:00 PM,CLO,50
233,4:00 PM,CLO,50
233,5:00 PM,CLO,50
233,6:00 PM,CLO,50
233,7:00 PM,CLO,50
233,8:00 PM,CLO,50
234,6:00 AM,1GK,50
234,7:00 AM,1GK,50
234,8:00 AM,1GK,50
234,9:00 AM,1GK,50
234,10:00 AM,1GK,50
234,11:00 AM,1GK,50
234,12:00 PM,1GK,50
234,1:00 PM,1GK,50
234,2:00 PM,1GK,50
234,3:00 PM,1GK,50
234,4:00 PM,1GK,50
234,5:00 PM,1GK,50
234,6:00 PM,1GK,50
234,7:00 PM,8BP,50
234,8:00 PM,8BP,50
235,6:00 AM,,1
235,7:00 AM,,1
235,8:00 AM,,1
235,9:00 AM,,1
235,10:00 AM,,1
235,11:00 AM,,1
235,12:00 PM,,1
235,1:00 PM,,1
235,2:00 PM,,1
235,3:00 PM,,1
235,4:00 PM,,1
235,5:00 PM,,1
235,6:00 PM,,1
235,7:00 PM,,1
235,8:00 PM,T19,50
236,6:00 AM,4LD,50
236,7:00 AM,4LD,50
236,8:00 AM,,1
236,9:00 AM,2XS,50
236,10:00 AM,,1
236,11:00 AM,511,50
236,12:00 PM,511,50
236,1:00 PM,511,50
236,2:00 PM,,1
236,3:00 PM,,1
236,4:00 PM,,1
236,5:00 PM,IPN,50
236,6:00 PM,IPN,50
236,7:00 PM,IPN,50
236,8:00 PM,,1
237,6:00 AM,N65,50
237,7:00 AM,N65,50
237,8:00 AM,N65,50
237,9:00 AM,N65,50
237,10:00 AM,N65,50
237,11:00 AM,N65,50
237,12:00 PM,N65,50
237,1:00 PM,N65,50
237,2:00 PM,N65,50
237,3:00 PM,N65,50
237,4:00 PM,N65,50
237,5:00 PM,N65,50
237,6:00 PM,N65,50
237,7:00 PM,N65,50
237,8:00 PM,N65,50
238,6:00 AM,7BV,50
238,7:00 AM,7BV,50
238,8:00 AM,7BV,50
238,9:00 AM,7BV,50
238,10:00 AM,7BV,50
238,11:00 AM,7BV,50
238,12:00 PM,7BV,50
238,1:00 PM,7BV,50
238,2:00 PM,7BV,50
238,3:00 PM,7BV,50
238,4:00 PM,7BV,50
238,5:00 PM,7BV,50
238,6:00 PM,7BV,50
238,7:00 PM,9LE,50
238,8:00 PM,9LE,50
239,6:00 AM,67L,50
239,7:00 AM,67L,50
239,8:00 AM,67L,50
239,9:00 AM,67L,50
239,10:00 AM,67L,50
239,11:00 AM,67L,50
239,12:00 PM,67L,50
239,1:00 PM,67L,50
239,2:00 PM,67L,50
239,3:00 PM,67L,50
239,4:00 PM,67L,50
239,5:00 PM,67L,50
239,6:00 PM,67L,50
239,7:00 PM,67L,50
239,8:00 PM,6ZP,50
240,6:00 AM,8BG,50
240,7:00 AM,6CF,50
240,8:00 AM,6CF,50
240,9:00 AM,6CF,50
240,10:00 AM,6CF,50
240,11:00 AM,6CF,50
240,12:00 PM,6CF,50
240,1:00 PM,6CF,50
240,2:00 PM,6CF,50
240,3:00 PM,6CF,50
240,4:00 PM,6CF,50
240,5:00 PM,6CF,50
240,6:00 PM,T34,50
240,7:00 PM,,1
240,8:00 PM,9WY,50
241,6:00 AM,214,50
241,7:00 AM,214,50
241,8:00 AM,214,50
241,9:00 AM,214,50
241,10:00 AM,214,50
241,11:00 AM,1GS,50
241,12:00 PM,,1
241,1:00 PM,,1
241,2:00 PM,,1
241,3:00 PM,Blocked,50
241,4:00 PM,,1
241,5:00 PM,4ET,50
241,6:00 PM,4ET,50
241,7:00 PM,4ET,50
241,8:00 PM,4ET,50
242,6:00 AM,,1
242,7:00 AM,T34,50
242,8:00 AM,T34,50
242,9:00 AM,T34,50
242,10:00 AM,Blocked,50
242,11:00 AM,Blocked,50
242,12:00 PM,Blocked,50
242,1:00 PM,Blocked,50
242,2:00 PM,Blocked,50
242,3:00 PM,H23,50
242,4:00 PM,T34,50
242,5:00 PM,9WF,50
242,6:00 PM,9WF,50
242,7:00 PM,9WF,50
242,8:00 PM,9WF,50
243,6:00 AM,,1
243,7:00 AM,Blocked,50
243,8:00 AM,Blocked,50
243,9:00 AM,Blocked,50
243,10:00 AM,T34,50
243,11:00 AM,T34,50
243,12:00 PM,T34,50
243,1:00 PM,T34,50
243,2:00 PM,T34,50
243,3:00 PM,,1
243,4:00 PM,,1
243,5:00 PM,,1
243,6:00 PM,,1
243,7:00 PM,,1
243,8:00 PM,9KG,50
244,6:00 AM,32N,50
244,7:00 AM,32N,50
244,8:00 AM,32N,50
244,9:00 AM,32N,50
244,10:00 AM,32N,50
244,11:00 AM,32N,50
244,12:00 PM,32N,50
244,1:00 PM,32N,50
244,2:00 PM,32N,50
244,3:00 PM,32N,50
244,4:00 PM,32N,50
244,5:00 PM,32N,50
244,6:00 PM,32N,50
244,7:00 PM,32N,50
244,8:00 PM,32N,50
245,6:00 AM,VPC,50
245,7:00 AM,VPC,50
245,8:00 AM,,1
245,9:00 AM,,1
245,10:00 AM,46Z,50
245,11:00 AM,8TW,50
245,12:00 PM,3LS,50
245,1:00 PM,3LS,50
245,2:00 PM,,1
245,3:00 PM,8CF,50
245,4:00 PM,3LS,50
245,5:00 PM,,1
245,6:00 PM,7WC,50
245,7:00 PM,7WC,50
245,8:00 PM,7WC,50
246,6:00 AM,4DH,50
246,7:00 AM,4DH,50
246,8:00 AM,4DH,50
246,9:00 AM,4DH,50
246,10:00 AM,4DH,50
246,11:00 AM,4DH,50
246,12:00 PM,4DH,50
246,1:00 PM,4DH,50
246,2:00 PM,4DH,50
246,3:00 PM,4DH,50
246,4:00 PM,4DH,50
246,5:00 PM,4DH,50
246,6:00 PM,4DH,50
246,7:00 PM,4DH,50
246,8:00 PM,4DH,50
247,6:00 AM,547,50
247,7:00 AM,547,50
247,8:00 AM,547,50
247,9:00 AM,,1
247,10:00 AM,759,50
247,11:00 AM,759,50
247,12:00 PM,759,50
247,1:00 PM,759,50
247,2:00 PM,759,50
247,3:00 PM,759,50
247,4:00 PM,759,50
247,5:00 PM,759,50
247,6:00 PM,7V5,50
247,7:00 PM,7V5,50
247,8:00 PM,7V5,50
248,6:00 AM,AT8,50
248,7:00 AM,AT8,50
248,8:00 AM,AT8,50
248,9:00 AM,AT8,50
248,10:00 AM,AT8,50
248,11:00 AM,AT8,50
248,12:00 PM,AT8,50
248,1:00 PM,AT8,50
248,2:00 PM,AT8,50
248,3:00 PM,AT8,50
248,4:00 PM,AT8,50
248,5:00 PM,AT8,50
248,6:00 PM,AT8,50
248,7:00 PM,AT8,50
248,8:00 PM,AT8,50
249,6:00 AM,87D,50
249,7:00 AM,87D,50
249,8:00 AM,87D,50
249,9:00 AM,87D,50
249,10:00 AM,87D,50
249,11:00 AM,87D,50
249,12:00 PM,87D,50
249,1:00 PM,87D,50
249,2:00 PM,87D,50
249,3:00 PM,87D,50
249,4:00 PM,46K,50
249,5:00 PM,46K,50
249,6:00 PM,46K,50
249,7:00 PM,46K,50
249,8:00 PM,46K,50
250,6:00 AM,,1
250,7:00 AM,2MM,50
250,8:00 AM,2MM,50
250,9:00 AM,2MM,50
250,10:00 AM,2MM,50
250,11:00 AM,2MM,50
250,12:00 PM,2MM,50
250,1:00 PM,2MM,50
250,2:00 PM,2MM,50
250,3:00 PM,2MM,50
250,4:00 PM,87D,50
250,5:00 PM,87D,50
250,6:00 PM,87D,50
250,7:00 PM,87D,50
250,8:00 PM,87D,50
251,6:00 AM,,1
251,7:00 AM,,1
251,8:00 AM,,1
251,9:00 AM,,1
251,10:00 AM,928,50
251,11:00 AM,928,50
251,12:00 PM,928,50
251,1:00 PM,928,50
251,2:00 PM,928,50
251,3:00 PM,1RZ,50
251,4:00 PM,1RZ,50
251,5:00 PM,4AK,50
251,6:00 PM,4AK,50
251,7:00 PM,4AK,50
251,8:00 PM,4AK,50
252,6:00 AM,,1
252,7:00 AM,,1
252,8:00 AM,,1
252,9:00 AM,,1
252,10:00 AM,,1
252,11:00 AM,,1
252,12:00 PM,,1
252,1:00 PM,,1
252,2:00 PM,,1
252,3:00 PM,YO9,50
252,4:00 PM,YO9,50
252,5:00 PM,YO9,50
252,6:00 PM,YO9,50
252,7:00 PM,YO9,50
252,8:00 PM,YO9,50
253,6:00 AM,6LH,50
253,7:00 AM,55H,50
253,8:00 AM,55H,50
253,9:00 AM,55H,50
253,10:00 AM,55H,50
253,11:00 AM,55H,50
253,12:00 PM,55H,50
253,1:00 PM,55H,50
253,2:00 PM,55H,50
253,3:00 PM,55H,50
253,4:00 PM,55H,50
253,5:00 PM,55H,50
253,6:00 PM,55H,50
253,7:00 PM,55H,50
253,8:00 PM,55H,50
254,6:00 AM,,1
254,7:00 AM,,1
254,8:00 AM,,1
254,9:00 AM,,1
254,10:00 AM,,1
254,11:00 AM,45A,50
254,12:00 PM,,1
254,1:00 PM,,1
254,2:00 PM,,1
254,3:00 PM,,1
254,4:00 PM,,1
254,5:00 PM,55X,50
254,6:00 PM,55X,50
254,7:00 PM,55X,50
254,8:00 PM,55X,50
255,6:00 AM,5FB,50
255,7:00 AM,,1
255,8:00 AM,,1
255,9:00 AM,T39,50
255,10:00 AM,,1
255,11:00 AM,,1
255,12:00 PM,,1
255,1:00 PM,,1
255,2:00 PM,,1
255,3:00 PM,,1
255,4:00 PM,,1
255,5:00 PM,,1
255,6:00 PM,469,50
255,7:00 PM,469,50
255,8:00 PM,,1
256,6:00 AM,,1
256,7:00 AM,,1
256,8:00 AM,,1
256,9:00 AM,,1
256,10:00 AM,,1
256,11:00 AM,,1
256,12:00 PM,,1
256,1:00 PM,,1
256,2:00 PM,,1
256,3:00 PM,,1
256,4:00 PM,,1
256,5:00 PM,6AS,50
256,6:00 PM,6AS,50
256,7:00 PM,6AS,50
256,8:00 PM,,1
257,6:00 AM,7XF,50
257,7:00 AM,7XF,50
257,8:00 AM,,1
257,9:00 AM,9XC,50
257,10:00 AM,,1
257,11:00 AM,,1
257,12:00 PM,,1
257,1:00 PM,,1
257,2:00 PM,,1
257,3:00 PM,,1
257,4:00 PM,,1
257,5:00 PM,,1
257,6:00 PM,,1
257,7:00 PM,FF4,50
257,8:00 PM,7XF,50
258,6:00 AM,NE4,50
258,7:00 AM,NE4,50
258,8:00 AM,NE4,50
258,9:00 AM,,1
258,10:00 AM,9GX,50
258,11:00 AM,9GX,50
258,12:00 PM,9GX,50
258,1:00 PM,,1
258,2:00 PM,,1
258,3:00 PM,35L,50
258,4:00 PM,928,50
258,5:00 PM,928,50
258,6:00 PM,928,50
258,7:00 PM,928,50
258,8:00 PM,928,50
259,6:00 AM,5ES,50
259,7:00 AM,5ES,50
259,8:00 AM,5ES,50
259,9:00 AM,5ES,50
259,10:00 AM,5ES,50
259,11:00 AM,5ES,50
259,12:00 PM,5ES,50
259,1:00 PM,5ES,50
259,2:00 PM,5ES,50
259,3:00 PM,5ES,50
259,4:00 PM,5ES,50
259,5:00 PM,5ES,50
259,6:00 PM,5ES,50
259,7:00 PM,5ES,50
259,8:00 PM,5ES,50
260,6:00 AM,Blocked,50
260,7:00 AM,Blocked,50
260,8:00 AM,Blocked,50
260,9:00 AM,Blocked,50
260,10:00 AM,Blocked,50
260,11:00 AM,Blocked,50
260,12:00 PM,Blocked,50
260,1:00 PM,Blocked,50
260,2:00 PM,Blocked,50
260,3:00 PM,Blocked,50
260,4:00 PM,Blocked,50
260,5:00 PM,Blocked,50
260,6:00 PM,Blocked,50
260,7:00 PM,Blocked,50
260,8:00 PM,Blocked,50
261,6:00 AM,5RL,50
261,7:00 AM,5RL,50
261,8:00 AM,5RL,50
261,9:00 AM,Blocked,50
261,10:00 AM,Blocked,50
261,11:00 AM,4AK,50
261,12:00 PM,4AK,50
261,1:00 PM,4AK,50
261,2:00 PM,4AK,50
261,3:00 PM,,1
261,4:00 PM,,1
261,5:00 PM,,1
261,6:00 PM,9BD,50
261,7:00 PM,9BD,50
261,8:00 PM,9BD,50
262,6:00 AM,3MD,50
262,7:00 AM,,1
262,8:00 AM,,1
262,9:00 AM,IHV,50
262,10:00 AM,IHV,50
262,11:00 AM,,1
262,12:00 PM,35L,50
262,1:00 PM,35L,50
262,2:00 PM,35L,50
262,3:00 PM,,1
262,4:00 PM,,1
262,5:00 PM,,1
262,6:00 PM,8LD,50
262,7:00 PM,8LD,50
262,8:00 PM,8LD,50
263,6:00 AM,79R,50
263,7:00 AM,79R,50
263,8:00 AM,79R,50
263,9:00 AM,79R,50
263,10:00 AM,79R,50
263,11:00 AM,79R,50
263,12:00 PM,79R,50
263,1:00 PM,,1
263,2:00 PM,4MA,50
263,3:00 PM,,1
263,4:00 PM,,1
263,5:00 PM,IBB,50
263,6:00 PM,IBB,50
263,7:00 PM,IBB,50
263,8:00 PM,IBB,50
264,6:00 AM,742,50
264,7:00 AM,,1
264,8:00 AM,,1
264,9:00 AM,Blocked,50
264,10:00 AM,,1
264,11:00 AM,,1
264,12:00 PM,,1
264,1:00 PM,7JE,50
264,2:00 PM,7JE,50
264,3:00 PM,7YZ,50
264,4:00 PM,7YZ,50
264,5:00 PM,7YZ,50
264,6:00 PM,7YZ,50
264,7:00 PM,7YZ,50
264,8:00 PM,7YZ,50
265,6:00 AM,Blocked,50
265,7:00 AM,Blocked,50
265,8:00 AM,Blocked,50
265,9:00 AM,Blocked,50
265,10:00 AM,Blocked,50
265,11:00 AM,Blocked,50
265,12:00 PM,Blocked,50
265,1:00 PM,Blocked,50
265,2:00 PM,Blocked,50
265,3:00 PM,Blocked,50
265,4:00 PM,Blocked,50
265,5:00 PM,Blocked,50
265,6:00 PM,Blocked,50
265,7:00 PM,Blocked,50
265,8:00 PM,Blocked,50
266,6:00 AM,1LS,50
266,7:00 AM,1LS,50
266,8:00 AM,,1
266,9:00 AM,T59,50
266,10:00 AM,,1
266,11:00 AM,2PB,50
266,12:00 PM,2PB,50
266,1:00 PM,2PB,50
266,2:00 PM,2PB,50
266,3:00 PM,2PB,50
266,4:00 PM,2PB,50
266,5:00 PM,2PB,50
266,6:00 PM,2PB,50
266,7:00 PM,2PB,50
266,8:00 PM,2PB,50
267,6:00 AM,7ZX,50
267,7:00 AM,7ZX,50
267,8:00 AM,7ZX,50
267,9:00 AM,7ZX,50
267,10:00 AM,7ZX,50
267,11:00 AM,7ZX,50
267,12:00 PM,7ZX,50
267,1:00 PM,7ZX,50
267,2:00 PM,7ZX,50
267,3:00 PM,7ZX,50
267,4:00 PM,7ZX,50
267,5:00 PM,7ZX,50
267,6:00 PM,7ZX,50
267,7:00 PM,7ZX,50
267,8:00 PM,7ZX,50
268,6:00 AM,5TS,50
268,7:00 AM,5TS,50
268,8:00 AM,5TS,50
268,9:00 AM,5TS,50
268,10:00 AM,5TS,50
268,11:00 AM,5TS,50
268,12:00 PM,5TS,50
268,1:00 PM,5TS,50
268,2:00 PM,5TS,50
268,3:00 PM,5TS,50
268,4:00 PM,5TS,50
268,5:00 PM,5TS,50
268,6:00 PM,5TS,50
268,7:00 PM,5TS,50
268,8:00 PM,5TS,50
269,6:00 AM,53R,50
269,7:00 AM,53R,50
269,8:00 AM,53R,50
269,9:00 AM,53R,50
269,10:00 AM,53R,50
269,11:00 AM,53R,50
269,12:00 PM,53R,50
269,1:00 PM,53R,50
269,2:00 PM,53R,50
269,3:00 PM,53R,50
269,4:00 PM,53R,50
269,5:00 PM,53R,50
269,6:00 PM,53R,50
269,7:00 PM,5BX,50
269,8:00 PM,5BX,50
270,6:00 AM,Blocked,50
270,7:00 AM,Blocked,50
270,8:00 AM,Blocked,50
270,9:00 AM,Blocked,50
270,10:00 AM,Blocked,50
270,11:00 AM,Blocked,50
270,12:00 PM,Blocked,50
270,1:00 PM,Blocked,50
270,2:00 PM,Blocked,50
270,3:00 PM,Blocked,50
270,4:00 PM,Blocked,50
270,5:00 PM,Blocked,50
270,6:00 PM,Blocked,50
270,7:00 PM,Blocked,50
270,8:00 PM,Blocked,50
271,6:00 AM,592,50
271,7:00 AM,592,50
271,8:00 AM,592,50
271,9:00 AM,592,50
271,10:00 AM,592,50
271,11:00 AM,592,50
271,12:00 PM,592,50
271,1:00 PM,592,50
271,2:00 PM,592,50
271,3:00 PM,592,50
271,4:00 PM,592,50
271,5:00 PM,592,50
271,6:00 PM,592,50
271,7:00 PM,592,50
271,8:00 PM,592,50
272,6:00 AM,15J,50
272,7:00 AM,15J,50
272,8:00 AM,15J,50
272,9:00 AM,15J,50
272,10:00 AM,15J,50
272,11:00 AM,15J,50
272,12:00 PM,15J,50
272,1:00 PM,15J,50
272,2:00 PM,15J,50
272,3:00 PM,15J,50
272,4:00 PM,15J,50
272,5:00 PM,15J,50
272,6:00 PM,15J,50
272,7:00 PM,15J,50
272,8:00 PM,15J,50
273,6:00 AM,27P,50
273,7:00 AM,,1
273,8:00 AM,,1
273,9:00 AM,,1
273,10:00 AM,,1
273,11:00 AM,,1
273,12:00 PM,,1
273,1:00 PM,,1
273,2:00 PM,6GF,50
273,3:00 PM,,1
273,4:00 PM,5VG,50
273,5:00 PM,5VG,50
273,6:00 PM,5VG,50
273,7:00 PM,5VG,50
273,8:00 PM,5VG,50
274,6:00 AM,4NJ,50
274,7:00 AM,4NJ,50
274,8:00 AM,4NJ,50
274,9:00 AM,4NJ,50
274,10:00 AM,4NJ,50
274,11:00 AM,4NJ,50
274,12:00 PM,4NJ,50
274,1:00 PM,4NJ,50
274,2:00 PM,4NJ,50
274,3:00 PM,4NJ,50
274,4:00 PM,4NJ,50
274,5:00 PM,4NJ,50
274,6:00 PM,7BG,50
274,7:00 PM,7BG,50
274,8:00 PM,7BG,50
275,6:00 AM,79C,50
275,7:00 AM,79C,50
275,8:00 AM,79C,50
275,9:00 AM,79C,50
275,10:00 AM,79C,50
275,11:00 AM,79C,50
275,12:00 PM,79C,50
275,1:00 PM,79C,50
275,2:00 PM,79C,50
275,3:00 PM,79C,50
275,4:00 PM,79C,50
275,5:00 PM,79C,50
275,6:00 PM,79C,50
275,7:00 PM,79C,50
275,8:00 PM,79C,50
276,6:00 AM,1DP,50
276,7:00 AM,1DP,50
276,8:00 AM,1DP,50
276,9:00 AM,1DP,50
276,10:00 AM,1DP,50
276,11:00 AM,1DP,50
276,12:00 PM,1DP,50
276,1:00 PM,1DP,50
276,2:00 PM,1DP,50
276,3:00 PM,1DP,50
276,4:00 PM,1DP,50
276,5:00 PM,1DP,50
276,6:00 PM,1DP,50
276,7:00 PM,1DP,50
276,8:00 PM,1DP,50
277,6:00 AM,6WX,50
277,7:00 AM,6WX,50
277,8:00 AM,6WX,50
277,9:00 AM,6WX,50
277,10:00 AM,6WX,50
277,11:00 AM,6WX,50
277,12:00 PM,6WX,50
277,1:00 PM,6WX,50
277,2:00 PM,6WX,50
277,3:00 PM,,1
277,4:00 PM,,1
277,5:00 PM,6WX,50
277,6:00 PM,6WX,50
277,7:00 PM,6WX,50
277,8:00 PM,6WX,50
278,6:00 AM,1EM,50
278,7:00 AM,1EM,50
278,8:00 AM,1EM,50
278,9:00 AM,1EM,50
278,10:00 AM,1EM,50
278,11:00 AM,1EM,50
278,12:00 PM,1EM,50
278,1:00 PM,1EM,50
278,2:00 PM,,1
278,3:00 PM,27D,50
278,4:00 PM,27D,50
278,5:00 PM,27D,50
278,6:00 PM,27D,50
278,7:00 PM,27D,50
278,8:00 PM,27D,50
279,6:00 AM,56E,50
279,7:00 AM,56E,50
279,8:00 AM,56E,50
279,9:00 AM,56E,50
279,10:00 AM,56E,50
279,11:00 AM,56E,50
279,12:00 PM,56E,50
279,1:00 PM,56E,50
279,2:00 PM,56E,50
279,3:00 PM,56E,50
279,4:00 PM,56E,50
279,5:00 PM,56E,50
279,6:00 PM,56E,50
279,7:00 PM,56E,50
279,8:00 PM,56E,50
280,6:00 AM,8AX,50
280,7:00 AM,,1
280,8:00 AM,Blocked,50
280,9:00 AM,,1
280,10:00 AM,,1
280,11:00 AM,V39,50
280,12:00 PM,V39,50
280,1:00 PM,,1
280,2:00 PM,,1
280,3:00 PM,,1
280,4:00 PM,,1
280,5:00 PM,1EM,50
280,6:00 PM,1EM,50
280,7:00 PM,1EM,50
280,8:00 PM,1EM,50
281,6:00 AM,,1
281,7:00 AM,7RV,50
281,8:00 AM,85T,50
281,9:00 AM,,1
281,10:00 AM,,1
281,11:00 AM,Blocked,50
281,12:00 PM,Blocked,50
281,1:00 PM,868,50
281,2:00 PM,868,50
281,3:00 PM,868,50
281,4:00 PM,868,50
281,5:00 PM,868,50
281,6:00 PM,868,50
281,7:00 PM,868,50
281,8:00 PM,868,50
282,6:00 AM,6GH,50
282,7:00 AM,6GH,50
282,8:00 AM,6GH,50
282,9:00 AM,6GH,50
282,10:00 AM,,1
282,11:00 AM,17R,50
282,12:00 PM,,1
282,1:00 PM,17G,50
282,2:00 PM,17G,50
282,3:00 PM,2EL,50
282,4:00 PM,2EL,50
282,5:00 PM,2EL,50
282,6:00 PM,2EL,50
282,7:00 PM,2EL,50
282,8:00 PM,2EL,50
283,6:00 AM,N25,50
283,7:00 AM,N25,50
283,8:00 AM,N25,50
283,9:00 AM,,1
283,10:00 AM,V17,50
283,11:00 AM,V17,50
283,12:00 PM,V17,50
283,1:00 PM,,1
283,2:00 PM,8BA,50
283,3:00 PM,8BA,50
283,4:00 PM,8BA,50
283,5:00 PM,5SR,50
283,6:00 PM,5SR,50
283,7:00 PM,5SR,50
283,8:00 PM,5SR,50
284,6:00 AM,404,50
284,7:00 AM,404,50
284,8:00 AM,,1
284,9:00 AM,67K,50
284,10:00 AM,67K,50
284,11:00 AM,46Z,50
284,12:00 PM,46Z,50
284,1:00 PM,46Z,50
284,2:00 PM,,1
284,3:00 PM,,1
284,4:00 PM,,1
284,5:00 PM,6H6,50
284,6:00 PM,6H6,50
284,7:00 PM,6H6,50
284,8:00 PM,6H6,50
285,6:00 AM,1AD,50
285,7:00 AM,1AD,50
285,8:00 AM,1AD,50
285,9:00 AM,9VK,50
285,10:00 AM,9VK,50
285,11:00 AM,9VK,50
285,12:00 PM,9VK,50
285,1:00 PM,3LC,50
285,2:00 PM,3LC,50
285,3:00 PM,3LC,50
285,4:00 PM,814,50
285,5:00 PM,814,50
285,6:00 PM,814,50
285,7:00 PM,814,50
285,8:00 PM,814,50
286,6:00 AM,454,50
286,7:00 AM,V15,50
286,8:00 AM,V15,50
286,9:00 AM,,1
286,10:00 AM,,1
286,11:00 AM,699,50
286,12:00 PM,1MB,50
286,1:00 PM,1MB,50
286,2:00 PM,,1
286,3:00 PM,,1
286,4:00 PM,3FK,50
286,5:00 PM,3FK,50
286,6:00 PM,3FK,50
286,7:00 PM,3FK,50
286,8:00 PM,3FK,50
287,6:00 AM,82A,50
287,7:00 AM,82A,50
287,8:00 AM,,1
287,9:00 AM,,1
287,10:00 AM,,1
287,11:00 AM,,1
287,12:00 PM,,1
287,1:00 PM,,1
287,2:00 PM,V12,50
287,3:00 PM,,1
287,4:00 PM,,1
287,5:00 PM,IMV,50
287,6:00 PM,IMV,50
287,7:00 PM,IMV,50
287,8:00 PM,IMV,50
288,6:00 AM,,1
288,7:00 AM,,1
288,8:00 AM,,1
288,9:00 AM,,1
288,10:00 AM,,1
288,11:00 AM,,1
288,12:00 PM,,1
288,1:00 PM,,1
288,2:00 PM,44W,50
288,3:00 PM,44W,50
288,4:00 PM,44W,50
288,5:00 PM,44W,50
288,6:00 PM,454,50
288,7:00 PM,7MM,50
288,8:00 PM,7MM,50
289,6:00 AM,,1
289,7:00 AM,,1
289,8:00 AM,,1
289,9:00 AM,,1
289,10:00 AM,,1
289,11:00 AM,,1
289,12:00 PM,,1
289,1:00 PM,,1
289,2:00 PM,,1
289,3:00 PM,,1
289,4:00 PM,,1
289,5:00 PM,,1
289,6:00 PM,55N,50
289,7:00 PM,55N,50
289,8:00 PM,55N,50
290,6:00 AM,,1
290,7:00 AM,,1
290,8:00 AM,,1
290,9:00 AM,,1
290,10:00 AM,,1
290,11:00 AM,,1
290,12:00 PM,,1
290,1:00 PM,,1
290,2:00 PM,,1
290,3:00 PM,,1
290,4:00 PM,,1
290,5:00 PM,,1
290,6:00 PM,223,50
290,7:00 PM,223,50
290,8:00 PM,223,50
